Workbook

Sheet план
A10: https://www.semestr.online/web/pyramid.php
A11: где можно построить многоугольник по точкам

Sheet +V гексы
A1: как посчитать объем искаженной гегсы, которая имеет координаты
A3: точки | B3: X | C3: Y | D3: Z
A4: 1 | B4: 0 | C4: 0 | D4: 0
A5: 2 | B5: 12 | C5: 0 | D5: 0
A6: 3 | B6: 10 | C6: 10 | D6: 0
A7: 4 | B7: 0 | C7: 10 | D7: 0
A8: 5 | B8: 0 | C8: 0 | D8: 12
A9: 6 | B9: 10 | C9: 0 | D9: 10
A10: 7 | B10: 10 | C10: 10 | D10: 7
A11: 8 | B11: 0 | C11: 10 | D11: 10
A14: разбиение на тэтрадры
A16: 2 способа
B57: стр 107
A59: 6 тэтраэдров | N59: 5 тэтраэдров
A60: точки, образующие тэтраэдр | H60: V тэтр
A61: 5 | B61: =B8 -> 0 | C61: =C8 -> 0 | D61: =D8 -> 12 | E61: 1 | G61: =MDETERM(B61:E64) -> -960 | H61: =ABS(G61/6) -> 160 | N61: 5 | O61: =B8 -> 0 | P61: =C8 -> 0 | Q61: =D8 -> 12 | R61: 1 | T61: =MDETERM(O61:R64) -> 960 | U61: =ABS(T61/6) -> 160
A62: 7 | B62: =B10 -> 10 | C62: =C10 -> 10 | D62: =D10 -> 7 | E62: 1 | N62: 6 | O62: =B9 -> 10 | P62: =C9 -> 0 | Q62: =D9 -> 10 | R62: 1
A63: 6 | B63: =B9 -> 10 | C63: =C9 -> 0 | D63: =D9 -> 10 | E63: 1 | N63: 7 | O63: =B10 -> 10 | P63: =C10 -> 10 | Q63: =D10 -> 7 | R63: 1
A64: 2 | B64: =B5 -> 12 | C64: =C5 -> 0 | D64: =D5 -> 0 | E64: 1 | N64: 2 | O64: =B5 -> 12 | P64: =C5 -> 0 | Q64: =D5 -> 0 | R64: 1
A67: 5 | B67: =B8 -> 0 | C67: =C8 -> 0 | D67: =D8 -> 12 | E67: 1 | G67: =MDETERM(B67:E70) -> 1440 | H67: =ABS(G67/6) -> 240 | N67: 5 | O67: =B8 -> 0 | P67: =C8 -> 0 | Q67: =D8 -> 12 | R67: 1 | T67: =MDETERM(O67:R70) -> 1440 | U67: =ABS(T67/6) -> 240
A68: 2 | B68: =B5 -> 12 | C68: =C5 -> 0 | D68: =D5 -> 0 | E68: 1 | N68: 2 | O68: =B5 -> 12 | P68: =C5 -> 0 | Q68: =D5 -> 0 | R68: 1
A69: 3 | B69: =B6 -> 10 | C69: =C6 -> 10 | D69: =D6 -> 0 | E69: 1 | N69: 4 | O69: =B7 -> 0 | P69: =C7 -> 10 | Q69: =D7 -> 0 | R69: 1
A70: 1 | B70: =B4 -> 0 | C70: =C4 -> 0 | D70: =D4 -> 0 | E70: 1 | N70: 1 | O70: =B4 -> 0 | P70: =C4 -> 0 | Q70: =D4 -> 0 | R70: 1
A73: 7 | B73: =B10 -> 10 | C73: =C10 -> 10 | D73: =D10 -> 7 | E73: 1 | G73: =MDETERM(B73:E76) -> 840 | H73: =ABS(G73/6) -> 140 | N73: 7 | O73: =B10 -> 10 | P73: =C10 -> 10 | Q73: =D10 -> 7 | R73: 1 | T73: =MDETERM(O73:R76) -> 700 | U73: =ABS(T73/6) -> 116.66667
A74: 2 | B74: =B5 -> 12 | C74: =C5 -> 0 | D74: =D5 -> 0 | E74: 1 | N74: 2 | O74: =B5 -> 12 | P74: =C5 -> 0 | Q74: =D5 -> 0 | R74: 1
A75: 3 | B75: =B6 -> 10 | C75: =C6 -> 10 | D75: =D6 -> 0 | E75: 1 | N75: 3 | O75: =B6 -> 10 | P75: =C6 -> 10 | Q75: =D6 -> 0 | R75: 1
A76: 5 | B76: =B8 -> 0 | C76: =C8 -> 0 | D76: =D8 -> 12 | E76: 1 | N76: 4 | O76: =B7 -> 0 | P76: =C7 -> 10 | Q76: =D7 -> 0 | R76: 1
A79: 5 | B79: =B8 -> 0 | C79: =C8 -> 0 | D79: =D8 -> 12 | E79: 1 | G79: =MDETERM(B79:E82) -> 1000 | H79: =ABS(G79/6) -> 166.66667 | N79: 5 | O79: =B8 -> 0 | P79: =C8 -> 0 | Q79: =D8 -> 12 | R79: 1 | T79: =MDETERM(O79:R82) -> -1000 | U79: =ABS(T79/6) -> 166.66667
A80: 7 | B80: =B10 -> 10 | C80: =C10 -> 10 | D80: =D10 -> 7 | E80: 1 | N80: 8 | O80: =B11 -> 0 | P80: =C11 -> 10 | Q80: =D11 -> 10 | R80: 1
A81: 8 | B81: =B11 -> 0 | C81: =C11 -> 10 | D81: =D11 -> 10 | E81: 1 | N81: 7 | O81: =B10 -> 10 | P81: =C10 -> 10 | Q81: =D10 -> 7 | R81: 1
A82: 4 | B82: =B7 -> 0 | C82: =C7 -> 10 | D82: =D7 -> 0 | E82: 1 | N82: 4 | O82: =B7 -> 0 | P82: =C7 -> 10 | Q82: =D7 -> 0 | R82: 1
A85: 5 | B85: =B8 -> 0 | C85: =C8 -> 0 | D85: =D8 -> 12 | E85: 1 | G85: =MDETERM(B85:E88) -> 1200 | H85: =ABS(G85/6) -> 200 | N85: 5 | O85: =B8 -> 0 | P85: =C8 -> 0 | Q85: =D8 -> 12 | R85: 1 | T85: =MDETERM(O85:R88) -> 2040 | U85: =ABS(T85/6) -> 340
A86: 3 | B86: =B6 -> 10 | C86: =C6 -> 10 | D86: =D6 -> 0 | E86: 1 | N86: 7 | O86: =B10 -> 10 | P86: =C10 -> 10 | Q86: =D10 -> 7 | R86: 1
A87: 4 | B87: =B7 -> 0 | C87: =C7 -> 10 | D87: =D7 -> 0 | E87: 1 | N87: 4 | O87: =B7 -> 0 | P87: =C7 -> 10 | Q87: =D7 -> 0 | R87: 1
A88: 1 | B88: =B4 -> 0 | C88: =C4 -> 0 | D88: =D4 -> 0 | E88: 1 | N88: 2 | O88: =B5 -> 12 | P88: =C5 -> 0 | Q88: =D5 -> 0 | R88: 1
T90: V | U90: =SUM(U61:U89) -> 1023.3333
A91: 7 | B91: =B10 -> 10 | C91: =C10 -> 10 | D91: =D10 -> 7 | E91: 1 | G91: =MDETERM(B91:E94) -> 700 | H91: =ABS(G91/6) -> 116.66667
A92: 3 | B92: =B6 -> 10 | C92: =C6 -> 10 | D92: =D6 -> 0 | E92: 1
A93: 4 | B93: =B7 -> 0 | C93: =C7 -> 10 | D93: =D7 -> 0 | E93: 1
A94: 5 | B94: =B8 -> 0 | C94: =C8 -> 0 | D94: =D8 -> 12 | E94: 1
G96: V | H96: =SUM( H61:H94) -> 1023.3333
G98: δ | H98: =(H96-U90)*100/H96 -> 0 | I98: %

Sheet +!V гексы через якобиан
B2: x | C2: y | D2: z | F2: коэф | H2: точки интегрирования
A3: 1 | B3: 0 | C3: 0 | D3: 0 | F3: =1/8 -> 0.125 | H3: 0.57735
A4: 2 | B4: 12 | C4: 0 | D4: 0 | H4: =-H3 -> -0.57735
A5: 3 | B5: 10 | C5: 10 | D5: 0
A6: 4 | B6: 0 | C6: 10 | D6: 0
A7: 5 | B7: 0 | C7: 0 | D7: 12
A8: 6 | B8: 10 | C8: 0 | D8: 10
A9: 7 | B9: 10 | C9: 10 | D9: 7
A10: 8 | B10: 0 | C10: 10 | D10: 10
A13: слагаемые | B13: ось | C13: координата т. интегр. | E13: производные функции формы | N13: матрица Якоби (без коэффициента 1/8) | R13: матрица Якоби | V13: det[J]
A14: 1 | B14: ξ | C14: 0.57735 | E14: =-(1-C15)*(1-C16) -> -0.17863302 | F14: =(1-C15)*(1-C16) -> 0.17863302 | G14: =(1+C15)*(1-C16) -> 0.66666698 | H14: =-(1+C15)*(1-C16) -> -0.66666698 | I14: =-(1-C15)*(1+C16) -> -0.66666698 | J14: =(1-C15)*(1+C16) -> 0.66666698 | K14: =(1+C15)*(1+C16) -> 2.488033 | L14: =-(1+C15)*(1+C16) -> -2.488033 | N14: {=MMULT(E14:L16,$B$3:$D$10)} -> 40.357266 | O14: 0 | P14: -8.797433 | R14: =$F$3*N14 -> 5.0446583 | S14: =$F$3*O14 -> 0 | T14: =$F$3*P14 -> -1.0996791 | V14: =MDETERM(R14:T16) -> 102.79284
B15: η | C15: 0.57735 | E15: =-(1-C14)*(1-C16) -> -0.17863302 | F15: =-(1+C14)*(1-C16) -> -0.66666698 | G15: =(1+C14)*(1-C16) -> 0.66666698 | H15: =(1-C14)*(1-C16) -> 0.17863302 | I15: =-(1-C14)*(1+C16) -> -0.66666698 | J15: =-(1+C14)*(1+C16) -> -2.488033 | K15: =(1+C14)*(1+C16) -> 2.488033 | L15: =(1-C14)*(1+C16) -> 0.66666698 | N15: -1.333334 | O15: 40 | P15: -8.797433 | R15: =$F$3*N15 -> -0.16666674 | S15: =$F$3*O15 -> 5 | T15: =$F$3*P15 -> -1.0996791
B16: ζ | C16: 0.57735 | E16: =-(1-C14)*(1-C15) -> -0.17863302 | F16: =-(1+C14)*(1-C15) -> -0.66666698 | G16: =-(1+C14)*(1+C15) -> -2.488033 | H16: =-(1-C14)*(1+C15) -> -0.66666698 | I16: =(1-C14)*(1-C15) -> 0.17863302 | J16: =(1+C14)*(1-C15) -> 0.66666698 | K16: =(1+C14)*(1+C15) -> 2.488033 | L16: =(1-C14)*(1+C15) -> 0.66666698 | N16: -1.333334 | O16: 0 | P16: 32.893167 | R16: =$F$3*N16 -> -0.16666674 | S16: =$F$3*O16 -> 0 | T16: =$F$3*P16 -> 4.1116459
A18: 2 | B18: ξ | C18: 0.57735 | E18: =-(1-C19)*(1-C20) -> -0.66666698 | F18: =(1-C19)*(1-C20) -> 0.66666698 | G18: =(1+C19)*(1-C20) -> 2.488033 | H18: =-(1+C19)*(1-C20) -> -2.488033 | I18: =-(1-C19)*(1+C20) -> -0.17863302 | J18: =(1-C19)*(1+C20) -> 0.17863302 | K18: =(1+C19)*(1+C20) -> 0.66666698 | L18: =-(1+C19)*(1+C20) -> -0.66666698 | N18: {=MMULT(E18:L20,$B$3:$D$10)} -> 41.333334 | O18: 0 | P18: -2.357267 | R18: =$F$3*N18 -> 5.1666667 | S18: =$F$3*O18 -> 0 | T18: =$F$3*P18 -> -0.29465837 | V18: =MDETERM(R18:T20) -> 105.97197
B19: η | C19: 0.57735 | E19: =-(1-C18)*(1-C20) -> -0.66666698 | F19: =-(1+C18)*(1-C20) -> -2.488033 | G19: =(1+C18)*(1-C20) -> 2.488033 | H19: =(1-C18)*(1-C20) -> 0.66666698 | I19: =-(1-C18)*(1+C20) -> -0.17863302 | J19: =-(1+C18)*(1+C20) -> -0.66666698 | K19: =(1+C18)*(1+C20) -> 0.66666698 | L19: =(1-C18)*(1+C20) -> 0.17863302 | N19: -4.976066 | O19: 40 | P19: -2.357267 | R19: =$F$3*N19 -> -0.62200826 | S19: =$F$3*O19 -> 5 | T19: =$F$3*P19 -> -0.29465837
B20: ζ | C20: -0.57735 | E20: =-(1-C18)*(1-C19) -> -0.17863302 | F20: =-(1+C18)*(1-C19) -> -0.66666698 | G20: =-(1+C18)*(1+C19) -> -2.488033 | H20: =-(1-C18)*(1+C19) -> -0.66666698 | I20: =(1-C18)*(1-C19) -> 0.17863302 | J20: =(1+C18)*(1-C19) -> 0.66666698 | K20: =(1+C18)*(1+C19) -> 2.488033 | L20: =(1-C18)*(1+C19) -> 0.66666698 | N20: -1.333334 | O20: 0 | P20: 32.893167 | R20: =$F$3*N20 -> -0.16666674 | S20: =$F$3*O20 -> 0 | T20: =$F$3*P20 -> 4.1116459
A22: 3 | B22: ξ | C22: 0.57735 | E22: =-(1-C23)*(1-C24) -> -0.66666698 | F22: =(1-C23)*(1-C24) -> 0.66666698 | G22: =(1+C23)*(1-C24) -> 0.17863302 | H22: =-(1+C23)*(1-C24) -> -0.17863302 | I22: =-(1-C23)*(1+C24) -> -2.488033 | J22: =(1-C23)*(1+C24) -> 2.488033 | K22: =(1+C23)*(1+C24) -> 0.66666698 | L22: =-(1+C23)*(1+C24) -> -0.66666698 | N22: {=MMULT(E22:L24,$B$3:$D$10)} -> 41.333334 | O22: 0 | P22: -6.976067 | R22: =$F$3*N22 -> 5.1666667 | S22: =$F$3*O22 -> 0 | T22: =$F$3*P22 -> -0.87200837 | V22: =MDETERM(R22:T24) -> 124.30191
B23: η | C23: -0.57735 | E23: =-(1-C22)*(1-C24) -> -0.17863302 | F23: =-(1+C22)*(1-C24) -> -0.66666698 | G23: =(1+C22)*(1-C24) -> 0.66666698 | H23: =(1-C22)*(1-C24) -> 0.17863302 | I23: =-(1-C22)*(1+C24) -> -0.66666698 | J23: =-(1+C22)*(1+C24) -> -2.488033 | K23: =(1+C22)*(1+C24) -> 2.488033 | L23: =(1-C22)*(1+C24) -> 0.66666698 | N23: -1.333334 | O23: 40 | P23: -8.797433 | R23: =$F$3*N23 -> -0.16666674 | S23: =$F$3*O23 -> 5 | T23: =$F$3*P23 -> -1.0996791
B24: ζ | C24: 0.57735 | E24: =-(1-C22)*(1-C23) -> -0.66666698 | F24: =-(1+C22)*(1-C23) -> -2.488033 | G24: =-(1+C22)*(1+C23) -> -0.66666698 | H24: =-(1-C22)*(1+C23) -> -0.17863302 | I24: =(1-C22)*(1-C23) -> 0.66666698 | J24: =(1+C22)*(1-C23) -> 2.488033 | K24: =(1+C22)*(1+C23) -> 0.66666698 | L24: =(1-C22)*(1+C23) -> 0.17863302 | N24: -4.976066 | O24: -4.4408921e-16 | P24: 39.333333 | R24: =$F$3*N24 -> -0.62200826 | S24: =$F$3*O24 -> -5.5511151e-17 | T24: =$F$3*P24 -> 4.9166666
A26: 4 | B26: ξ | C26: 0.57735 | E26: =-(1-C27)*(1-C28) -> -2.488033 | F26: =(1-C27)*(1-C28) -> 2.488033 | G26: =(1+C27)*(1-C28) -> 0.66666698 | H26: =-(1+C27)*(1-C28) -> -0.66666698 | I26: =-(1-C27)*(1+C28) -> -0.66666698 | J26: =(1-C27)*(1+C28) -> 0.66666698 | K26: =(1+C27)*(1+C28) -> 0.17863302 | L26: =-(1+C27)*(1+C28) -> -0.17863302 | N26: {=MMULT(E26:L28,$B$3:$D$10)} -> 44.976066 | O26: 0 | P26: -1.869233 | R26: =$F$3*N26 -> 5.6220083 | S26: =$F$3*O26 -> 0 | T26: =$F$3*P26 -> -0.23365413 | V26: =MDETERM(R26:T28) -> 137.48103
B27: η | C27: -0.57735 | E27: =-(1-C26)*(1-C28) -> -0.66666698 | F27: =-(1+C26)*(1-C28) -> -2.488033 | G27: =(1+C26)*(1-C28) -> 2.488033 | H27: =(1-C26)*(1-C28) -> 0.66666698 | I27: =-(1-C26)*(1+C28) -> -0.17863302 | J27: =-(1+C26)*(1+C28) -> -0.66666698 | K27: =(1+C26)*(1+C28) -> 0.66666698 | L27: =(1-C26)*(1+C28) -> 0.17863302 | N27: -4.976066 | O27: 40 | P27: -2.357267 | R27: =$F$3*N27 -> -0.62200826 | S27: =$F$3*O27 -> 5 | T27: =$F$3*P27 -> -0.29465837
B28: ζ | C28: -0.57735 | E28: =-(1-C26)*(1-C27) -> -0.66666698 | F28: =-(1+C26)*(1-C27) -> -2.488033 | G28: =-(1+C26)*(1+C27) -> -0.66666698 | H28: =-(1-C26)*(1+C27) -> -0.17863302 | I28: =(1-C26)*(1-C27) -> 0.66666698 | J28: =(1+C26)*(1-C27) -> 2.488033 | K28: =(1+C26)*(1+C27) -> 0.66666698 | L28: =(1-C26)*(1+C27) -> 0.17863302 | N28: -4.976066 | O28: -4.4408921e-16 | P28: 39.333333 | R28: =$F$3*N28 -> -0.62200826 | S28: =$F$3*O28 -> -5.5511151e-17 | T28: =$F$3*P28 -> 4.9166666
A30: 5 | B30: ξ | C30: -0.57735 | E30: =-(1-C31)*(1-C32) -> -0.17863302 | F30: =(1-C31)*(1-C32) -> 0.17863302 | G30: =(1+C31)*(1-C32) -> 0.66666698 | H30: =-(1+C31)*(1-C32) -> -0.66666698 | I30: =-(1-C31)*(1+C32) -> -0.66666698 | J30: =(1-C31)*(1+C32) -> 0.66666698 | K30: =(1+C31)*(1+C32) -> 2.488033 | L30: =-(1+C31)*(1+C32) -> -2.488033 | N30: {=MMULT(E30:L32,$B$3:$D$10)} -> 40.357266 | O30: 0 | P30: -8.797433 | R30: =$F$3*N30 -> 5.0446583 | S30: =$F$3*O30 -> 0 | T30: =$F$3*P30 -> -1.0996791 | V30: =MDETERM(R30:T32) -> 123.76897
B31: η | C31: 0.57735 | E31: =-(1-C30)*(1-C32) -> -0.66666698 | F31: =-(1+C30)*(1-C32) -> -0.17863302 | G31: =(1+C30)*(1-C32) -> 0.17863302 | H31: =(1-C30)*(1-C32) -> 0.66666698 | I31: =-(1-C30)*(1+C32) -> -2.488033 | J31: =-(1+C30)*(1+C32) -> -0.66666698 | K31: =(1+C30)*(1+C32) -> 0.66666698 | L31: =(1-C30)*(1+C32) -> 2.488033 | N31: -0.35726604 | O31: 40 | P31: -6.976067 | R31: =$F$3*N31 -> -0.044658256 | S31: =$F$3*O31 -> 5 | T31: =$F$3*P31 -> -0.87200837
B32: ζ | C32: 0.57735 | E32: =-(1-C30)*(1-C31) -> -0.66666698 | F32: =-(1+C30)*(1-C31) -> -0.17863302 | G32: =-(1+C30)*(1+C31) -> -0.66666698 | H32: =-(1-C30)*(1+C31) -> -2.488033 | I32: =(1-C30)*(1-C31) -> 0.66666698 | J32: =(1+C30)*(1-C31) -> 0.17863302 | K32: =(1+C30)*(1+C31) -> 0.66666698 | L32: =(1-C30)*(1+C31) -> 2.488033 | N32: -0.35726604 | O32: 0 | P32: 39.333333 | R32: =$F$3*N32 -> -0.044658256 | S32: =$F$3*O32 -> 0 | T32: =$F$3*P32 -> 4.9166666
A34: 6 | B34: ξ | C34: -0.57735 | E34: =-(1-C35)*(1-C36) -> -0.66666698 | F34: =(1-C35)*(1-C36) -> 0.66666698 | G34: =(1+C35)*(1-C36) -> 2.488033 | H34: =-(1+C35)*(1-C36) -> -2.488033 | I34: =-(1-C35)*(1+C36) -> -0.17863302 | J34: =(1-C35)*(1+C36) -> 0.17863302 | K34: =(1+C35)*(1+C36) -> 0.66666698 | L34: =-(1+C35)*(1+C36) -> -0.66666698 | N34: {=MMULT(E34:L36,$B$3:$D$10)} -> 41.333334 | O34: 0 | P34: -2.357267 | R34: =$F$3*N34 -> 5.1666667 | S34: =$F$3*O34 -> 0 | T34: =$F$3*P34 -> -0.29465837 | V34: =MDETERM(R34:T36) -> 126.9481
B35: η | C35: 0.57735 | E35: =-(1-C34)*(1-C36) -> -2.488033 | F35: =-(1+C34)*(1-C36) -> -0.66666698 | G35: =(1+C34)*(1-C36) -> 0.66666698 | H35: =(1-C34)*(1-C36) -> 2.488033 | I35: =-(1-C34)*(1+C36) -> -0.66666698 | J35: =-(1+C34)*(1+C36) -> -0.17863302 | K35: =(1+C34)*(1+C36) -> 0.17863302 | L35: =(1-C34)*(1+C36) -> 0.66666698 | N35: -1.333334 | O35: 40 | P35: -1.869233 | R35: =$F$3*N35 -> -0.16666674 | S35: =$F$3*O35 -> 5 | T35: =$F$3*P35 -> -0.23365413
B36: ζ | C36: -0.57735 | E36: =-(1-C34)*(1-C35) -> -0.66666698 | F36: =-(1+C34)*(1-C35) -> -0.17863302 | G36: =-(1+C34)*(1+C35) -> -0.66666698 | H36: =-(1-C34)*(1+C35) -> -2.488033 | I36: =(1-C34)*(1-C35) -> 0.66666698 | J36: =(1+C34)*(1-C35) -> 0.17863302 | K36: =(1+C34)*(1+C35) -> 0.66666698 | L36: =(1-C34)*(1+C35) -> 2.488033 | N36: -0.35726604 | O36: 0 | P36: 39.333333 | R36: =$F$3*N36 -> -0.044658256 | S36: =$F$3*O36 -> 0 | T36: =$F$3*P36 -> 4.9166666
A38: 7 | B38: ξ | C38: -0.57735 | E38: =-(1-C39)*(1-C40) -> -0.66666698 | F38: =(1-C39)*(1-C40) -> 0.66666698 | G38: =(1+C39)*(1-C40) -> 0.17863302 | H38: =-(1+C39)*(1-C40) -> -0.17863302 | I38: =-(1-C39)*(1+C40) -> -2.488033 | J38: =(1-C39)*(1+C40) -> 2.488033 | K38: =(1+C39)*(1+C40) -> 0.66666698 | L38: =-(1+C39)*(1+C40) -> -0.66666698 | N38: {=MMULT(E38:L40,$B$3:$D$10)} -> 41.333334 | O38: 0 | P38: -6.976067 | R38: =$F$3*N38 -> 5.1666667 | S38: =$F$3*O38 -> 0 | T38: =$F$3*P38 -> -0.87200837 | V38: =MDETERM(R38:T40) -> 142.77803
B39: η | C39: -0.57735 | E39: =-(1-C38)*(1-C40) -> -0.66666698 | F39: =-(1+C38)*(1-C40) -> -0.17863302 | G39: =(1+C38)*(1-C40) -> 0.17863302 | H39: =(1-C38)*(1-C40) -> 0.66666698 | I39: =-(1-C38)*(1+C40) -> -2.488033 | J39: =-(1+C38)*(1+C40) -> -0.66666698 | K39: =(1+C38)*(1+C40) -> 0.66666698 | L39: =(1-C38)*(1+C40) -> 2.488033 | N39: -0.35726604 | O39: 40 | P39: -6.976067 | R39: =$F$3*N39 -> -0.044658256 | S39: =$F$3*O39 -> 5 | T39: =$F$3*P39 -> -0.87200837
B40: ζ | C40: 0.57735 | E40: =-(1-C38)*(1-C39) -> -2.488033 | F40: =-(1+C38)*(1-C39) -> -0.66666698 | G40: =-(1+C38)*(1+C39) -> -0.17863302 | H40: =-(1-C38)*(1+C39) -> -0.66666698 | I40: =(1-C38)*(1-C39) -> 2.488033 | J40: =(1+C38)*(1-C39) -> 0.66666698 | K40: =(1+C38)*(1+C39) -> 0.17863302 | L40: =(1-C38)*(1+C39) -> 0.66666698 | N40: -1.333334 | O40: 0 | P40: 44.440167 | R40: =$F$3*N40 -> -0.16666674 | S40: =$F$3*O40 -> 0 | T40: =$F$3*P40 -> 5.5550209
A42: 8 | B42: ξ | C42: -0.57735 | E42: =-(1-C43)*(1-C44) -> -2.488033 | F42: =(1-C43)*(1-C44) -> 2.488033 | G42: =(1+C43)*(1-C44) -> 0.66666698 | H42: =-(1+C43)*(1-C44) -> -0.66666698 | I42: =-(1-C43)*(1+C44) -> -0.66666698 | J42: =(1-C43)*(1+C44) -> 0.66666698 | K42: =(1+C43)*(1+C44) -> 0.17863302 | L42: =-(1+C43)*(1+C44) -> -0.17863302 | N42: {=MMULT(E42:L44,$B$3:$D$10)} -> 44.976066 | O42: 0 | P42: -1.869233 | R42: =$F$3*N42 -> 5.6220083 | S42: =$F$3*O42 -> 0 | T42: =$F$3*P42 -> -0.23365413 | V42: =MDETERM(R42:T44) -> 155.95715
B43: η | C43: -0.57735 | E43: =-(1-C42)*(1-C44) -> -2.488033 | F43: =-(1+C42)*(1-C44) -> -0.66666698 | G43: =(1+C42)*(1-C44) -> 0.66666698 | H43: =(1-C42)*(1-C44) -> 2.488033 | I43: =-(1-C42)*(1+C44) -> -0.66666698 | J43: =-(1+C42)*(1+C44) -> -0.17863302 | K43: =(1+C42)*(1+C44) -> 0.17863302 | L43: =(1-C42)*(1+C44) -> 0.66666698 | N43: -1.333334 | O43: 40 | P43: -1.869233 | R43: =$F$3*N43 -> -0.16666674 | S43: =$F$3*O43 -> 5 | T43: =$F$3*P43 -> -0.23365413
B44: ζ | C44: -0.57735 | E44: =-(1-C42)*(1-C43) -> -2.488033 | F44: =-(1+C42)*(1-C43) -> -0.66666698 | G44: =-(1+C42)*(1+C43) -> -0.17863302 | H44: =-(1-C42)*(1+C43) -> -0.66666698 | I44: =(1-C42)*(1-C43) -> 2.488033 | J44: =(1+C42)*(1-C43) -> 0.66666698 | K44: =(1+C42)*(1+C43) -> 0.17863302 | L44: =(1-C42)*(1+C43) -> 0.66666698 | N44: -1.333334 | O44: 0 | P44: 44.440167 | R44: =$F$3*N44 -> -0.16666674 | S44: =$F$3*O44 -> 0 | T44: =$F$3*P44 -> 5.5550209
U46: V | V46: =SUM(V14:V44) -> 1020
B49: n | C49: ξi | D49: Hi
B50: 2 | C50: 0.57735 | D50: 1
C51: =-C50 -> -0.57735 | D51: 1
A53: 27 слагаемых
V54: det[J] | X54: det[J]*коэф | Z54: точки | AA54: вес
A55: 1 | B55: ξ | C55: =Z55 -> 0.774597 | E55: =-(1-C56)*(1-C57) -> -0.050806512 | F55: =(1-C56)*(1-C57) -> 0.050806512 | G55: =(1+C56)*(1-C57) -> 0.39999949 | H55: =-(1+C56)*(1-C57) -> -0.39999949 | I55: =-(1-C56)*(1+C57) -> -0.39999949 | J55: =(1-C56)*(1+C57) -> 0.39999949 | K55: =(1+C56)*(1+C57) -> 3.1491945 | L55: =-(1+C56)*(1+C57) -> -3.1491945 | N55: {=MMULT(E55:L57,$B$3:$D$10)} -> 40.101613 | O55: 0 | P55: -10.247583 | R55: =$F$3*N55 -> 5.0127016 | S55: =$F$3*O55 -> 0 | T55: =$F$3*P55 -> -1.2809478 | V55: =MDETERM(R55:T57) -> 95.396717 | X55: =V55*AA55*AA55*AA55 -> 16.357462 | Z55: 0.774597 | AA55: =5/9 -> 0.55555556
B56: η | C56: =Z55 -> 0.774597 | E56: =-(1-C55)*(1-C57) -> -0.050806512 | F56: =-(1+C55)*(1-C57) -> -0.39999949 | G56: =(1+C55)*(1-C57) -> 0.39999949 | H56: =(1-C55)*(1-C57) -> 0.050806512 | I56: =-(1-C55)*(1+C57) -> -0.39999949 | J56: =-(1+C55)*(1+C57) -> -3.1491945 | K56: =(1+C55)*(1+C57) -> 3.1491945 | L56: =(1-C55)*(1+C57) -> 0.39999949 | N56: -0.79999898 | O56: 40 | P56: -10.247583 | R56: =$F$3*N56 -> -0.099999872 | S56: =$F$3*O56 -> 5 | T56: =$F$3*P56 -> -1.2809478 | Z56: -0.774597 | AA56: =5/9 -> 0.55555556
B57: ζ | C57: =Z55 -> 0.774597 | E57: =-(1-C55)*(1-C56) -> -0.050806512 | F57: =-(1+C55)*(1-C56) -> -0.39999949 | G57: =-(1+C55)*(1+C56) -> -3.1491945 | H57: =-(1-C55)*(1+C56) -> -0.39999949 | I57: =(1-C55)*(1-C56) -> 0.050806512 | J57: =(1+C55)*(1-C56) -> 0.39999949 | K57: =(1+C55)*(1+C56) -> 3.1491945 | L57: =(1-C55)*(1+C56) -> 0.39999949 | N57: -0.79999898 | O57: -1.3322676e-15 | P57: 30.654029 | R57: =$F$3*N57 -> -0.099999872 | S57: =$F$3*O57 -> -1.6653345e-16 | T57: =$F$3*P57 -> 3.8317537 | Z57: 0 | AA57: =8/9 -> 0.88888889
A59: 2 | B59: ξ | C59: =Z55 -> 0.774597 | E59: =-(1-C60)*(1-C61) -> -0.39999949 | F59: =(1-C60)*(1-C61) -> 0.39999949 | G59: =(1+C60)*(1-C61) -> 3.1491945 | H59: =-(1+C60)*(1-C61) -> -3.1491945 | I59: =-(1-C60)*(1+C61) -> -0.050806512 | J59: =(1-C60)*(1+C61) -> 0.050806512 | K59: =(1+C60)*(1+C61) -> 0.39999949 | L59: =-(1+C60)*(1+C61) -> -0.39999949 | N59: {=MMULT(E59:L61,$B$3:$D$10)} -> 40.799999 | O59: 0 | P59: -1.3016115 | R59: =$F$3*N59 -> 5.0999999 | S59: =$F$3*O59 -> 0 | T59: =$F$3*P59 -> -0.16270144 | V59: =MDETERM(R59:T61) -> 97.628366 | X59: =V59*AA55*AA55*AA56 -> 16.740118
B60: η | C60: =Z55 -> 0.774597 | E60: =-(1-C59)*(1-C61) -> -0.39999949 | F60: =-(1+C59)*(1-C61) -> -3.1491945 | G60: =(1+C59)*(1-C61) -> 3.1491945 | H60: =(1-C59)*(1-C61) -> 0.39999949 | I60: =-(1-C59)*(1+C61) -> -0.050806512 | J60: =-(1+C59)*(1+C61) -> -0.39999949 | K60: =(1+C59)*(1+C61) -> 0.39999949 | L60: =(1-C59)*(1+C61) -> 0.050806512 | N60: -6.298389 | O60: 40 | P60: -1.3016115 | R60: =$F$3*N60 -> -0.78729863 | S60: =$F$3*O60 -> 5 | T60: =$F$3*P60 -> -0.16270144
B61: ζ | C61: =Z56 -> -0.774597 | E61: =-(1-C59)*(1-C60) -> -0.050806512 | F61: =-(1+C59)*(1-C60) -> -0.39999949 | G61: =-(1+C59)*(1+C60) -> -3.1491945 | H61: =-(1-C59)*(1+C60) -> -0.39999949 | I61: =(1-C59)*(1-C60) -> 0.050806512 | J61: =(1+C59)*(1-C60) -> 0.39999949 | K61: =(1+C59)*(1+C60) -> 3.1491945 | L61: =(1-C59)*(1+C60) -> 0.39999949 | N61: -0.79999898 | O61: -1.3322676e-15 | P61: 30.654029 | R61: =$F$3*N61 -> -0.099999872 | S61: =$F$3*O61 -> -1.6653345e-16 | T61: =$F$3*P61 -> 3.8317537
A63: 3 | B63: ξ | C63: =Z55 -> 0.774597 | E63: =-(1-C64)*(1-C65) -> -0.225403 | F63: =(1-C64)*(1-C65) -> 0.225403 | G63: =(1+C64)*(1-C65) -> 1.774597 | H63: =-(1+C64)*(1-C65) -> -1.774597 | I63: =-(1-C64)*(1+C65) -> -0.225403 | J63: =(1-C64)*(1+C65) -> 0.225403 | K63: =(1+C64)*(1+C65) -> 1.774597 | L63: =-(1+C64)*(1+C65) -> -1.774597 | N63: {=MMULT(E63:L65,$B$3:$D$10)} -> 40.450806 | O63: 0 | P63: -5.774597 | R63: =$F$3*N63 -> 5.0563508 | S63: =$F$3*O63 -> 0 | T63: =$F$3*P63 -> -0.72182462 | V63: =MDETERM(R63:T65) -> 96.512541 | X63: =V63*AA55*AA55*AA57 -> 26.478063
B64: η | C64: =Z55 -> 0.774597 | E64: =-(1-C63)*(1-C65) -> -0.225403 | F64: =-(1+C63)*(1-C65) -> -1.774597 | G64: =(1+C63)*(1-C65) -> 1.774597 | H64: =(1-C63)*(1-C65) -> 0.225403 | I64: =-(1-C63)*(1+C65) -> -0.225403 | J64: =-(1+C63)*(1+C65) -> -1.774597 | K64: =(1+C63)*(1+C65) -> 1.774597 | L64: =(1-C63)*(1+C65) -> 0.225403 | N64: -3.549194 | O64: 40 | P64: -5.774597 | R64: =$F$3*N64 -> -0.44364925 | S64: =$F$3*O64 -> 5 | T64: =$F$3*P64 -> -0.72182462
B65: ζ | C65: =Z57 -> 0 | E65: =-(1-C63)*(1-C64) -> -0.050806512 | F65: =-(1+C63)*(1-C64) -> -0.39999949 | G65: =-(1+C63)*(1+C64) -> -3.1491945 | H65: =-(1-C63)*(1+C64) -> -0.39999949 | I65: =(1-C63)*(1-C64) -> 0.050806512 | J65: =(1+C63)*(1-C64) -> 0.39999949 | K65: =(1+C63)*(1+C64) -> 3.1491945 | L65: =(1-C63)*(1+C64) -> 0.39999949 | N65: -0.79999898 | O65: -1.3322676e-15 | P65: 30.654029 | R65: =$F$3*N65 -> -0.099999872 | S65: =$F$3*O65 -> -1.6653345e-16 | T65: =$F$3*P65 -> 3.8317537
A67: 4 | B67: ξ | C67: =Z55 -> 0.774597 | E67: =-(1-C68)*(1-C69) -> -0.39999949 | F67: =(1-C68)*(1-C69) -> 0.39999949 | G67: =(1+C68)*(1-C69) -> 0.050806512 | H67: =-(1+C68)*(1-C69) -> -0.050806512 | I67: =-(1-C68)*(1+C69) -> -3.1491945 | J67: =(1-C68)*(1+C69) -> 3.1491945 | K67: =(1+C68)*(1+C69) -> 0.39999949 | L67: =-(1+C68)*(1+C69) -> -0.39999949 | N67: {=MMULT(E67:L69,$B$3:$D$10)} -> 40.799999 | O67: 0 | P67: -7.4983875 | R67: =$F$3*N67 -> 5.0999999 | S67: =$F$3*O67 -> 0 | T67: =$F$3*P67 -> -0.93729844 | V67: =MDETERM(R67:T69) -> 122.53533 | X67: =V67*AA55*AA56*AA55 -> 21.010859
B68: η | C68: =Z56 -> -0.774597 | E68: =-(1-C67)*(1-C69) -> -0.050806512 | F68: =-(1+C67)*(1-C69) -> -0.39999949 | G68: =(1+C67)*(1-C69) -> 0.39999949 | H68: =(1-C67)*(1-C69) -> 0.050806512 | I68: =-(1-C67)*(1+C69) -> -0.39999949 | J68: =-(1+C67)*(1+C69) -> -3.1491945 | K68: =(1+C67)*(1+C69) -> 3.1491945 | L68: =(1-C67)*(1+C69) -> 0.39999949 | N68: -0.79999898 | O68: 40 | P68: -10.247583 | R68: =$F$3*N68 -> -0.099999872 | S68: =$F$3*O68 -> 5 | T68: =$F$3*P68 -> -1.2809478
B69: ζ | C69: =Z55 -> 0.774597 | E69: =-(1-C67)*(1-C68) -> -0.39999949 | F69: =-(1+C67)*(1-C68) -> -3.1491945 | G69: =-(1+C67)*(1+C68) -> -0.39999949 | H69: =-(1-C67)*(1+C68) -> -0.050806512 | I69: =(1-C67)*(1-C68) -> 0.39999949 | J69: =(1+C67)*(1-C68) -> 3.1491945 | K69: =(1+C67)*(1+C68) -> 0.39999949 | L69: =(1-C67)*(1+C68) -> 0.050806512 | N69: -6.298389 | O69: -2.220446e-16 | P69: 39.600001 | R69: =$F$3*N69 -> -0.78729863 | S69: =$F$3*O69 -> -2.7755576e-17 | T69: =$F$3*P69 -> 4.9500001
A71: 5 | B71: ξ | C71: =Z55 -> 0.774597 | E71: =-(1-C72)*(1-C73) -> -3.1491945 | F71: =(1-C72)*(1-C73) -> 3.1491945 | G71: =(1+C72)*(1-C73) -> 0.39999949 | H71: =-(1+C72)*(1-C73) -> -0.39999949 | I71: =-(1-C72)*(1+C73) -> -0.39999949 | J71: =(1-C72)*(1+C73) -> 0.39999949 | K71: =(1+C72)*(1+C73) -> 0.050806512 | L71: =-(1+C72)*(1+C73) -> -0.050806512 | N71: {=MMULT(E71:L73,$B$3:$D$10)} -> 46.298389 | O71: 0 | P71: -0.95241851 | R71: =$F$3*N71 -> 5.7872986 | S71: =$F$3*O71 -> 0 | T71: =$F$3*P71 -> -0.11905231 | V71: =MDETERM(R71:T73) -> 142.76699 | X71: =V71*AA55*AA56*AA56 -> 24.479937
B72: η | C72: =Z56 -> -0.774597 | E72: =-(1-C71)*(1-C73) -> -0.39999949 | F72: =-(1+C71)*(1-C73) -> -3.1491945 | G72: =(1+C71)*(1-C73) -> 3.1491945 | H72: =(1-C71)*(1-C73) -> 0.39999949 | I72: =-(1-C71)*(1+C73) -> -0.050806512 | J72: =-(1+C71)*(1+C73) -> -0.39999949 | K72: =(1+C71)*(1+C73) -> 0.39999949 | L72: =(1-C71)*(1+C73) -> 0.050806512 | N72: -6.298389 | O72: 40 | P72: -1.3016115 | R72: =$F$3*N72 -> -0.78729863 | S72: =$F$3*O72 -> 5 | T72: =$F$3*P72 -> -0.16270144
B73: ζ | C73: =Z56 -> -0.774597 | E73: =-(1-C71)*(1-C72) -> -0.39999949 | F73: =-(1+C71)*(1-C72) -> -3.1491945 | G73: =-(1+C71)*(1+C72) -> -0.39999949 | H73: =-(1-C71)*(1+C72) -> -0.050806512 | I73: =(1-C71)*(1-C72) -> 0.39999949 | J73: =(1+C71)*(1-C72) -> 3.1491945 | K73: =(1+C71)*(1+C72) -> 0.39999949 | L73: =(1-C71)*(1+C72) -> 0.050806512 | N73: -6.298389 | O73: -2.220446e-16 | P73: 39.600001 | R73: =$F$3*N73 -> -0.78729863 | S73: =$F$3*O73 -> -2.7755576e-17 | T73: =$F$3*P73 -> 4.9500001
A75: 6 | B75: ξ | C75: =Z55 -> 0.774597 | E75: =-(1-C76)*(1-C77) -> -1.774597 | F75: =(1-C76)*(1-C77) -> 1.774597 | G75: =(1+C76)*(1-C77) -> 0.225403 | H75: =-(1+C76)*(1-C77) -> -0.225403 | I75: =-(1-C76)*(1+C77) -> -1.774597 | J75: =(1-C76)*(1+C77) -> 1.774597 | K75: =(1+C76)*(1+C77) -> 0.225403 | L75: =-(1+C76)*(1+C77) -> -0.225403 | N75: {=MMULT(E75:L77,$B$3:$D$10)} -> 43.549194 | O75: 0 | P75: -4.225403 | R75: =$F$3*N75 -> 5.4436492 | S75: =$F$3*O75 -> 0 | T75: =$F$3*P75 -> -0.52817538 | V75: =MDETERM(R75:T77) -> 132.65116 | X75: =V75*AA55*AA56*AA57 -> 36.392637
B76: η | C76: =Z56 -> -0.774597 | E76: =-(1-C75)*(1-C77) -> -0.225403 | F76: =-(1+C75)*(1-C77) -> -1.774597 | G76: =(1+C75)*(1-C77) -> 1.774597 | H76: =(1-C75)*(1-C77) -> 0.225403 | I76: =-(1-C75)*(1+C77) -> -0.225403 | J76: =-(1+C75)*(1+C77) -> -1.774597 | K76: =(1+C75)*(1+C77) -> 1.774597 | L76: =(1-C75)*(1+C77) -> 0.225403 | N76: -3.549194 | O76: 40 | P76: -5.774597 | R76: =$F$3*N76 -> -0.44364925 | S76: =$F$3*O76 -> 5 | T76: =$F$3*P76 -> -0.72182462
B77: ζ | C77: =Z57 -> 0 | E77: =-(1-C75)*(1-C76) -> -0.39999949 | F77: =-(1+C75)*(1-C76) -> -3.1491945 | G77: =-(1+C75)*(1+C76) -> -0.39999949 | H77: =-(1-C75)*(1+C76) -> -0.050806512 | I77: =(1-C75)*(1-C76) -> 0.39999949 | J77: =(1+C75)*(1-C76) -> 3.1491945 | K77: =(1+C75)*(1+C76) -> 0.39999949 | L77: =(1-C75)*(1+C76) -> 0.050806512 | N77: -6.298389 | O77: -2.220446e-16 | P77: 39.600001 | R77: =$F$3*N77 -> -0.78729863 | S77: =$F$3*O77 -> -2.7755576e-17 | T77: =$F$3*P77 -> 4.9500001
A79: 7 | B79: ξ | C79: =Z55 -> 0.774597 | E79: =-(1-C80)*(1-C81) -> -0.225403 | F79: =(1-C80)*(1-C81) -> 0.225403 | G79: =(1+C80)*(1-C81) -> 0.225403 | H79: =-(1+C80)*(1-C81) -> -0.225403 | I79: =-(1-C80)*(1+C81) -> -1.774597 | J79: =(1-C80)*(1+C81) -> 1.774597 | K79: =(1+C80)*(1+C81) -> 1.774597 | L79: =-(1+C80)*(1+C81) -> -1.774597 | N79: {=MMULT(E79:L81,$B$3:$D$10)} -> 40.450806 | O79: 0 | P79: -8.872985 | R79: =$F$3*N79 -> 5.0563508 | S79: =$F$3*O79 -> 0 | T79: =$F$3*P79 -> -1.1091231 | V79: =MDETERM(R79:T81) -> 108.54876 | X79: =V79*AA55*AA57*AA55 -> 29.780181
B80: η | C80: =Z57 -> 0 | E80: =-(1-C79)*(1-C81) -> -0.050806512 | F80: =-(1+C79)*(1-C81) -> -0.39999949 | G80: =(1+C79)*(1-C81) -> 0.39999949 | H80: =(1-C79)*(1-C81) -> 0.050806512 | I80: =-(1-C79)*(1+C81) -> -0.39999949 | J80: =-(1+C79)*(1+C81) -> -3.1491945 | K80: =(1+C79)*(1+C81) -> 3.1491945 | L80: =(1-C79)*(1+C81) -> 0.39999949 | N80: -0.79999898 | O80: 40 | P80: -10.247583 | R80: =$F$3*N80 -> -0.099999872 | S80: =$F$3*O80 -> 5 | T80: =$F$3*P80 -> -1.2809478
B81: ζ | C81: =Z55 -> 0.774597 | E81: =-(1-C79)*(1-C80) -> -0.225403 | F81: =-(1+C79)*(1-C80) -> -1.774597 | G81: =-(1+C79)*(1+C80) -> -1.774597 | H81: =-(1-C79)*(1+C80) -> -0.225403 | I81: =(1-C79)*(1-C80) -> 0.225403 | J81: =(1+C79)*(1-C80) -> 1.774597 | K81: =(1+C79)*(1+C80) -> 1.774597 | L81: =(1-C79)*(1+C80) -> 0.225403 | N81: -3.549194 | O81: 0 | P81: 35.127015 | R81: =$F$3*N81 -> -0.44364925 | S81: =$F$3*O81 -> 0 | T81: =$F$3*P81 -> 4.3908769
A83: 8 | B83: ξ | C83: =Z55 -> 0.774597 | E83: =-(1-C84)*(1-C85) -> -1.774597 | F83: =(1-C84)*(1-C85) -> 1.774597 | G83: =(1+C84)*(1-C85) -> 1.774597 | H83: =-(1+C84)*(1-C85) -> -1.774597 | I83: =-(1-C84)*(1+C85) -> -0.225403 | J83: =(1-C84)*(1+C85) -> 0.225403 | K83: =(1+C84)*(1+C85) -> 0.225403 | L83: =-(1+C84)*(1+C85) -> -0.225403 | N83: {=MMULT(E83:L85,$B$3:$D$10)} -> 43.549194 | O83: 0 | P83: -1.127015 | R83: =$F$3*N83 -> 5.4436492 | S83: =$F$3*O83 -> 0 | T83: =$F$3*P83 -> -0.14087688 | V83: =MDETERM(R83:T85) -> 119.19947 | X83: =V83*AA55*AA57*AA56 -> 32.702186
B84: η | C84: =Z57 -> 0 | E84: =-(1-C83)*(1-C85) -> -0.39999949 | F84: =-(1+C83)*(1-C85) -> -3.1491945 | G84: =(1+C83)*(1-C85) -> 3.1491945 | H84: =(1-C83)*(1-C85) -> 0.39999949 | I84: =-(1-C83)*(1+C85) -> -0.050806512 | J84: =-(1+C83)*(1+C85) -> -0.39999949 | K84: =(1+C83)*(1+C85) -> 0.39999949 | L84: =(1-C83)*(1+C85) -> 0.050806512 | N84: -6.298389 | O84: 40 | P84: -1.3016115 | R84: =$F$3*N84 -> -0.78729863 | S84: =$F$3*O84 -> 5 | T84: =$F$3*P84 -> -0.16270144
B85: ζ | C85: =Z56 -> -0.774597 | E85: =-(1-C83)*(1-C84) -> -0.225403 | F85: =-(1+C83)*(1-C84) -> -1.774597 | G85: =-(1+C83)*(1+C84) -> -1.774597 | H85: =-(1-C83)*(1+C84) -> -0.225403 | I85: =(1-C83)*(1-C84) -> 0.225403 | J85: =(1+C83)*(1-C84) -> 1.774597 | K85: =(1+C83)*(1+C84) -> 1.774597 | L85: =(1-C83)*(1+C84) -> 0.225403 | N85: -3.549194 | O85: 0 | P85: 35.127015 | R85: =$F$3*N85 -> -0.44364925 | S85: =$F$3*O85 -> 0 | T85: =$F$3*P85 -> 4.3908769
A87: 9 | B87: ξ | C87: =Z87 -> 0.774597 | E87: =-(1-C88)*(1-C89) -> -1 | F87: =(1-C88)*(1-C89) -> 1 | G87: =(1+C88)*(1-C89) -> 1 | H87: =-(1+C88)*(1-C89) -> -1 | I87: =-(1-C88)*(1+C89) -> -1 | J87: =(1-C88)*(1+C89) -> 1 | K87: =(1+C88)*(1+C89) -> 1 | L87: =-(1+C88)*(1+C89) -> -1 | N87: {=MMULT(E87:L89,$B$3:$D$10)} -> 42 | O87: 0 | P87: -5 | R87: =$F$3*N87 -> 5.25 | S87: =$F$3*O87 -> 0 | T87: =$F$3*P87 -> -0.625 | V87: =MDETERM(R87:T89) -> 113.87411 | X87: =V87*AA89*AA89*AA87 -> 49.985894 | Z87: 0.774597 | AA87: =5/9 -> 0.55555556
B88: η | C88: =Z89 -> 0 | E88: =-(1-C87)*(1-C89) -> -0.225403 | F88: =-(1+C87)*(1-C89) -> -1.774597 | G88: =(1+C87)*(1-C89) -> 1.774597 | H88: =(1-C87)*(1-C89) -> 0.225403 | I88: =-(1-C87)*(1+C89) -> -0.225403 | J88: =-(1+C87)*(1+C89) -> -1.774597 | K88: =(1+C87)*(1+C89) -> 1.774597 | L88: =(1-C87)*(1+C89) -> 0.225403 | N88: -3.549194 | O88: 40 | P88: -5.774597 | R88: =$F$3*N88 -> -0.44364925 | S88: =$F$3*O88 -> 5 | T88: =$F$3*P88 -> -0.72182462 | Z88: -0.774597 | AA88: =5/9 -> 0.55555556
B89: ζ | C89: =Z89 -> 0 | E89: =-(1-C87)*(1-C88) -> -0.225403 | F89: =-(1+C87)*(1-C88) -> -1.774597 | G89: =-(1+C87)*(1+C88) -> -1.774597 | H89: =-(1-C87)*(1+C88) -> -0.225403 | I89: =(1-C87)*(1-C88) -> 0.225403 | J89: =(1+C87)*(1-C88) -> 1.774597 | K89: =(1+C87)*(1+C88) -> 1.774597 | L89: =(1-C87)*(1+C88) -> 0.225403 | N89: -3.549194 | O89: 0 | P89: 35.127015 | R89: =$F$3*N89 -> -0.44364925 | S89: =$F$3*O89 -> 0 | T89: =$F$3*P89 -> 4.3908769 | Z89: 0 | AA89: =8/9 -> 0.88888889
A91: 10 | B91: ξ | C91: =Z88 -> -0.774597 | E91: =-(1-C92)*(1-C93) -> -0.050806512 | F91: =(1-C92)*(1-C93) -> 0.050806512 | G91: =(1+C92)*(1-C93) -> 0.39999949 | H91: =-(1+C92)*(1-C93) -> -0.39999949 | I91: =-(1-C92)*(1+C93) -> -0.39999949 | J91: =(1-C92)*(1+C93) -> 0.39999949 | K91: =(1+C92)*(1+C93) -> 3.1491945 | L91: =-(1+C92)*(1+C93) -> -3.1491945 | N91: {=MMULT(E91:L93,$B$3:$D$10)} -> 40.101613 | O91: 0 | P91: -10.247583 | R91: =$F$3*N91 -> 5.0127016 | S91: =$F$3*O91 -> 0 | T91: =$F$3*P91 -> -1.2809478 | V91: =MDETERM(R91:T93) -> 123.98302 | X91: =V91*AA88*AA87*AA87 -> 21.259091
B92: η | C92: =Z87 -> 0.774597 | E92: =-(1-C91)*(1-C93) -> -0.39999949 | F92: =-(1+C91)*(1-C93) -> -0.050806512 | G92: =(1+C91)*(1-C93) -> 0.050806512 | H92: =(1-C91)*(1-C93) -> 0.39999949 | I92: =-(1-C91)*(1+C93) -> -3.1491945 | J92: =-(1+C91)*(1+C93) -> -0.39999949 | K92: =(1+C91)*(1+C93) -> 0.39999949 | L92: =(1-C91)*(1+C93) -> 3.1491945 | N92: -0.10161302 | O92: 40 | P92: -7.4983875 | R92: =$F$3*N92 -> -0.012701628 | S92: =$F$3*O92 -> 5 | T92: =$F$3*P92 -> -0.93729844
B93: ζ | C93: =Z87 -> 0.774597 | E93: =-(1-C91)*(1-C92) -> -0.39999949 | F93: =-(1+C91)*(1-C92) -> -0.050806512 | G93: =-(1+C91)*(1+C92) -> -0.39999949 | H93: =-(1-C91)*(1+C92) -> -3.1491945 | I93: =(1-C91)*(1-C92) -> 0.39999949 | J93: =(1+C91)*(1-C92) -> 0.050806512 | K93: =(1+C91)*(1+C92) -> 0.39999949 | L93: =(1-C91)*(1+C92) -> 3.1491945 | N93: -0.10161302 | O93: 0 | P93: 39.600001 | R93: =$F$3*N93 -> -0.012701628 | S93: =$F$3*O93 -> 0 | T93: =$F$3*P93 -> 4.9500001
A95: 11 | B95: ξ | C95: =Z88 -> -0.774597 | E95: =-(1-C96)*(1-C97) -> -0.39999949 | F95: =(1-C96)*(1-C97) -> 0.39999949 | G95: =(1+C96)*(1-C97) -> 3.1491945 | H95: =-(1+C96)*(1-C97) -> -3.1491945 | I95: =-(1-C96)*(1+C97) -> -0.050806512 | J95: =(1-C96)*(1+C97) -> 0.050806512 | K95: =(1+C96)*(1+C97) -> 0.39999949 | L95: =-(1+C96)*(1+C97) -> -0.39999949 | N95: {=MMULT(E95:L97,$B$3:$D$10)} -> 40.799999 | O95: 0 | P95: -1.3016115 | R95: =$F$3*N95 -> 5.0999999 | S95: =$F$3*O95 -> 0 | T95: =$F$3*P95 -> -0.16270144 | V95: =MDETERM(R95:T97) -> 126.21467 | X95: =V95*AA88*AA87*AA88 -> 21.641747
B96: η | C96: =Z87 -> 0.774597 | E96: =-(1-C95)*(1-C97) -> -3.1491945 | F96: =-(1+C95)*(1-C97) -> -0.39999949 | G96: =(1+C95)*(1-C97) -> 0.39999949 | H96: =(1-C95)*(1-C97) -> 3.1491945 | I96: =-(1-C95)*(1+C97) -> -0.39999949 | J96: =-(1+C95)*(1+C97) -> -0.050806512 | K96: =(1+C95)*(1+C97) -> 0.050806512 | L96: =(1-C95)*(1+C97) -> 0.39999949 | N96: -0.79999898 | O96: 40 | P96: -0.95241851 | R96: =$F$3*N96 -> -0.099999872 | S96: =$F$3*O96 -> 5 | T96: =$F$3*P96 -> -0.11905231
B97: ζ | C97: =Z88 -> -0.774597 | E97: =-(1-C95)*(1-C96) -> -0.39999949 | F97: =-(1+C95)*(1-C96) -> -0.050806512 | G97: =-(1+C95)*(1+C96) -> -0.39999949 | H97: =-(1-C95)*(1+C96) -> -3.1491945 | I97: =(1-C95)*(1-C96) -> 0.39999949 | J97: =(1+C95)*(1-C96) -> 0.050806512 | K97: =(1+C95)*(1+C96) -> 0.39999949 | L97: =(1-C95)*(1+C96) -> 3.1491945 | N97: -0.10161302 | O97: 0 | P97: 39.600001 | R97: =$F$3*N97 -> -0.012701628 | S97: =$F$3*O97 -> 0 | T97: =$F$3*P97 -> 4.9500001
A99: 12 | B99: ξ | C99: =Z88 -> -0.774597 | E99: =-(1-C100)*(1-C101) -> -0.225403 | F99: =(1-C100)*(1-C101) -> 0.225403 | G99: =(1+C100)*(1-C101) -> 1.774597 | H99: =-(1+C100)*(1-C101) -> -1.774597 | I99: =-(1-C100)*(1+C101) -> -0.225403 | J99: =(1-C100)*(1+C101) -> 0.225403 | K99: =(1+C100)*(1+C101) -> 1.774597 | L99: =-(1+C100)*(1+C101) -> -1.774597 | N99: {=MMULT(E99:L101,$B$3:$D$10)} -> 40.450806 | O99: 0 | P99: -5.774597 | R99: =$F$3*N99 -> 5.0563508 | S99: =$F$3*O99 -> 0 | T99: =$F$3*P99 -> -0.72182462 | V99: =MDETERM(R99:T101) -> 125.09884 | X99: =V99*AA88*AA87*AA89 -> 34.32067
B100: η | C100: =Z87 -> 0.774597 | E100: =-(1-C99)*(1-C101) -> -1.774597 | F100: =-(1+C99)*(1-C101) -> -0.225403 | G100: =(1+C99)*(1-C101) -> 0.225403 | H100: =(1-C99)*(1-C101) -> 1.774597 | I100: =-(1-C99)*(1+C101) -> -1.774597 | J100: =-(1+C99)*(1+C101) -> -0.225403 | K100: =(1+C99)*(1+C101) -> 0.225403 | L100: =(1-C99)*(1+C101) -> 1.774597 | N100: -0.450806 | O100: 40 | P100: -4.225403 | R100: =$F$3*N100 -> -0.05635075 | S100: =$F$3*O100 -> 5 | T100: =$F$3*P100 -> -0.52817538
B101: ζ | C101: =Z89 -> 0 | E101: =-(1-C99)*(1-C100) -> -0.39999949 | F101: =-(1+C99)*(1-C100) -> -0.050806512 | G101: =-(1+C99)*(1+C100) -> -0.39999949 | H101: =-(1-C99)*(1+C100) -> -3.1491945 | I101: =(1-C99)*(1-C100) -> 0.39999949 | J101: =(1+C99)*(1-C100) -> 0.050806512 | K101: =(1+C99)*(1+C100) -> 0.39999949 | L101: =(1-C99)*(1+C100) -> 3.1491945 | N101: -0.10161302 | O101: 0 | P101: 39.600001 | R101: =$F$3*N101 -> -0.012701628 | S101: =$F$3*O101 -> 0 | T101: =$F$3*P101 -> 4.9500001
A103: 13 | B103: ξ | C103: =Z88 -> -0.774597 | E103: =-(1-C104)*(1-C105) -> -0.39999949 | F103: =(1-C104)*(1-C105) -> 0.39999949 | G103: =(1+C104)*(1-C105) -> 0.050806512 | H103: =-(1+C104)*(1-C105) -> -0.050806512 | I103: =-(1-C104)*(1+C105) -> -3.1491945 | J103: =(1-C104)*(1+C105) -> 3.1491945 | K103: =(1+C104)*(1+C105) -> 0.39999949 | L103: =-(1+C104)*(1+C105) -> -0.39999949 | N103: {=MMULT(E103:L105,$B$3:$D$10)} -> 40.799999 | O103: 0 | P103: -7.4983875 | R103: =$F$3*N103 -> 5.0999999 | S103: =$F$3*O103 -> 0 | T103: =$F$3*P103 -> -0.93729844 | V103: =MDETERM(R103:T105) -> 146.62163 | X103: =V103*AA88*AA88*AA87 -> 25.140882
B104: η | C104: =Z88 -> -0.774597 | E104: =-(1-C103)*(1-C105) -> -0.39999949 | F104: =-(1+C103)*(1-C105) -> -0.050806512 | G104: =(1+C103)*(1-C105) -> 0.050806512 | H104: =(1-C103)*(1-C105) -> 0.39999949 | I104: =-(1-C103)*(1+C105) -> -3.1491945 | J104: =-(1+C103)*(1+C105) -> -0.39999949 | K104: =(1+C103)*(1+C105) -> 0.39999949 | L104: =(1-C103)*(1+C105) -> 3.1491945 | N104: -0.10161302 | O104: 40 | P104: -7.4983875 | R104: =$F$3*N104 -> -0.012701628 | S104: =$F$3*O104 -> 5 | T104: =$F$3*P104 -> -0.93729844
B105: ζ | C105: =Z87 -> 0.774597 | E105: =-(1-C103)*(1-C104) -> -3.1491945 | F105: =-(1+C103)*(1-C104) -> -0.39999949 | G105: =-(1+C103)*(1+C104) -> -0.050806512 | H105: =-(1-C103)*(1+C104) -> -0.39999949 | I105: =(1-C103)*(1-C104) -> 3.1491945 | J105: =(1+C103)*(1-C104) -> 0.39999949 | K105: =(1+C103)*(1+C104) -> 0.050806512 | L105: =(1-C103)*(1+C104) -> 0.39999949 | N105: -0.79999898 | O105: -4.4408921e-16 | P105: 46.145969 | R105: =$F$3*N105 -> -0.099999872 | S105: =$F$3*O105 -> -5.5511151e-17 | T105: =$F$3*P105 -> 5.7682462
A107: 14 | B107: ξ | C107: =Z88 -> -0.774597 | E107: =-(1-C108)*(1-C109) -> -3.1491945 | F107: =(1-C108)*(1-C109) -> 3.1491945 | G107: =(1+C108)*(1-C109) -> 0.39999949 | H107: =-(1+C108)*(1-C109) -> -0.39999949 | I107: =-(1-C108)*(1+C109) -> -0.39999949 | J107: =(1-C108)*(1+C109) -> 0.39999949 | K107: =(1+C108)*(1+C109) -> 0.050806512 | L107: =-(1+C108)*(1+C109) -> -0.050806512 | N107: {=MMULT(E107:L109,$B$3:$D$10)} -> 46.298389 | O107: 0 | P107: -0.95241851 | R107: =$F$3*N107 -> 5.7872986 | S107: =$F$3*O107 -> 0 | T107: =$F$3*P107 -> -0.11905231 | V107: =MDETERM(R107:T109) -> 166.85329 | X107: =V107*AA88*AA88*AA88 -> 28.609961
B108: η | C108: =Z88 -> -0.774597 | E108: =-(1-C107)*(1-C109) -> -3.1491945 | F108: =-(1+C107)*(1-C109) -> -0.39999949 | G108: =(1+C107)*(1-C109) -> 0.39999949 | H108: =(1-C107)*(1-C109) -> 3.1491945 | I108: =-(1-C107)*(1+C109) -> -0.39999949 | J108: =-(1+C107)*(1+C109) -> -0.050806512 | K108: =(1+C107)*(1+C109) -> 0.050806512 | L108: =(1-C107)*(1+C109) -> 0.39999949 | N108: -0.79999898 | O108: 40 | P108: -0.95241851 | R108: =$F$3*N108 -> -0.099999872 | S108: =$F$3*O108 -> 5 | T108: =$F$3*P108 -> -0.11905231
B109: ζ | C109: =Z88 -> -0.774597 | E109: =-(1-C107)*(1-C108) -> -3.1491945 | F109: =-(1+C107)*(1-C108) -> -0.39999949 | G109: =-(1+C107)*(1+C108) -> -0.050806512 | H109: =-(1-C107)*(1+C108) -> -0.39999949 | I109: =(1-C107)*(1-C108) -> 3.1491945 | J109: =(1+C107)*(1-C108) -> 0.39999949 | K109: =(1+C107)*(1+C108) -> 0.050806512 | L109: =(1-C107)*(1+C108) -> 0.39999949 | N109: -0.79999898 | O109: -4.4408921e-16 | P109: 46.145969 | R109: =$F$3*N109 -> -0.099999872 | S109: =$F$3*O109 -> -5.5511151e-17 | T109: =$F$3*P109 -> 5.7682462
A111: 15 | B111: ξ | C111: =Z88 -> -0.774597 | E111: =-(1-C112)*(1-C113) -> -1.774597 | F111: =(1-C112)*(1-C113) -> 1.774597 | G111: =(1+C112)*(1-C113) -> 0.225403 | H111: =-(1+C112)*(1-C113) -> -0.225403 | I111: =-(1-C112)*(1+C113) -> -1.774597 | J111: =(1-C112)*(1+C113) -> 1.774597 | K111: =(1+C112)*(1+C113) -> 0.225403 | L111: =-(1+C112)*(1+C113) -> -0.225403 | N111: {=MMULT(E111:L113,$B$3:$D$10)} -> 43.549194 | O111: 0 | P111: -4.225403 | R111: =$F$3*N111 -> 5.4436492 | S111: =$F$3*O111 -> 0 | T111: =$F$3*P111 -> -0.52817538 | V111: =MDETERM(R111:T113) -> 156.73746 | X111: =V111*AA128*AA128*AA129 -> 43.000674
B112: η | C112: =Z128 -> -0.774597 | E112: =-(1-C111)*(1-C113) -> -1.774597 | F112: =-(1+C111)*(1-C113) -> -0.225403 | G112: =(1+C111)*(1-C113) -> 0.225403 | H112: =(1-C111)*(1-C113) -> 1.774597 | I112: =-(1-C111)*(1+C113) -> -1.774597 | J112: =-(1+C111)*(1+C113) -> -0.225403 | K112: =(1+C111)*(1+C113) -> 0.225403 | L112: =(1-C111)*(1+C113) -> 1.774597 | N112: -0.450806 | O112: 40 | P112: -4.225403 | R112: =$F$3*N112 -> -0.05635075 | S112: =$F$3*O112 -> 5 | T112: =$F$3*P112 -> -0.52817538
B113: ζ | C113: =Z129 -> 0 | E113: =-(1-C111)*(1-C112) -> -3.1491945 | F113: =-(1+C111)*(1-C112) -> -0.39999949 | G113: =-(1+C111)*(1+C112) -> -0.050806512 | H113: =-(1-C111)*(1+C112) -> -0.39999949 | I113: =(1-C111)*(1-C112) -> 3.1491945 | J113: =(1+C111)*(1-C112) -> 0.39999949 | K113: =(1+C111)*(1+C112) -> 0.050806512 | L113: =(1-C111)*(1+C112) -> 0.39999949 | N113: -0.79999898 | O113: -4.4408921e-16 | P113: 46.145969 | R113: =$F$3*N113 -> -0.099999872 | S113: =$F$3*O113 -> -5.5511151e-17 | T113: =$F$3*P113 -> 5.7682462
A115: 16 | B115: ξ | C115: =Z88 -> -0.774597 | E115: =-(1-C116)*(1-C117) -> -0.225403 | F115: =(1-C116)*(1-C117) -> 0.225403 | G115: =(1+C116)*(1-C117) -> 0.225403 | H115: =-(1+C116)*(1-C117) -> -0.225403 | I115: =-(1-C116)*(1+C117) -> -1.774597 | J115: =(1-C116)*(1+C117) -> 1.774597 | K115: =(1+C116)*(1+C117) -> 1.774597 | L115: =-(1+C116)*(1+C117) -> -1.774597 | N115: {=MMULT(E115:L117,$B$3:$D$10)} -> 40.450806 | O115: 0 | P115: -8.872985 | R115: =$F$3*N115 -> 5.0563508 | S115: =$F$3*O115 -> 0 | T115: =$F$3*P115 -> -1.1091231 | V115: =MDETERM(R115:T117) -> 135.17553 | X115: =V115*AA128*AA129*AA127 -> 37.085194
B116: η | C116: =Z129 -> 0 | E116: =-(1-C115)*(1-C117) -> -0.39999949 | F116: =-(1+C115)*(1-C117) -> -0.050806512 | G116: =(1+C115)*(1-C117) -> 0.050806512 | H116: =(1-C115)*(1-C117) -> 0.39999949 | I116: =-(1-C115)*(1+C117) -> -3.1491945 | J116: =-(1+C115)*(1+C117) -> -0.39999949 | K116: =(1+C115)*(1+C117) -> 0.39999949 | L116: =(1-C115)*(1+C117) -> 3.1491945 | N116: -0.10161302 | O116: 40 | P116: -7.4983875 | R116: =$F$3*N116 -> -0.012701628 | S116: =$F$3*O116 -> 5 | T116: =$F$3*P116 -> -0.93729844
B117: ζ | C117: =Z127 -> 0.774597 | E117: =-(1-C115)*(1-C116) -> -1.774597 | F117: =-(1+C115)*(1-C116) -> -0.225403 | G117: =-(1+C115)*(1+C116) -> -0.225403 | H117: =-(1-C115)*(1+C116) -> -1.774597 | I117: =(1-C115)*(1-C116) -> 1.774597 | J117: =(1+C115)*(1-C116) -> 0.225403 | K117: =(1+C115)*(1+C116) -> 0.225403 | L117: =(1-C115)*(1+C116) -> 1.774597 | N117: -0.450806 | O117: 0 | P117: 42.872985 | R117: =$F$3*N117 -> -0.05635075 | S117: =$F$3*O117 -> 0 | T117: =$F$3*P117 -> 5.3591231
A119: 17 | B119: ξ | C119: =Z88 -> -0.774597 | E119: =-(1-C120)*(1-C121) -> -1.774597 | F119: =(1-C120)*(1-C121) -> 1.774597 | G119: =(1+C120)*(1-C121) -> 1.774597 | H119: =-(1+C120)*(1-C121) -> -1.774597 | I119: =-(1-C120)*(1+C121) -> -0.225403 | J119: =(1-C120)*(1+C121) -> 0.225403 | K119: =(1+C120)*(1+C121) -> 0.225403 | L119: =-(1+C120)*(1+C121) -> -0.225403 | N119: {=MMULT(E119:L121,$B$3:$D$10)} -> 43.549194 | O119: 0 | P119: -1.127015 | R119: =$F$3*N119 -> 5.4436492 | S119: =$F$3*O119 -> 0 | T119: =$F$3*P119 -> -0.14087688 | V119: =MDETERM(R119:T121) -> 145.82624 | X119: =V119*AA128*AA129*AA128 -> 40.007199
B120: η | C120: =Z129 -> 0 | E120: =-(1-C119)*(1-C121) -> -3.1491945 | F120: =-(1+C119)*(1-C121) -> -0.39999949 | G120: =(1+C119)*(1-C121) -> 0.39999949 | H120: =(1-C119)*(1-C121) -> 3.1491945 | I120: =-(1-C119)*(1+C121) -> -0.39999949 | J120: =-(1+C119)*(1+C121) -> -0.050806512 | K120: =(1+C119)*(1+C121) -> 0.050806512 | L120: =(1-C119)*(1+C121) -> 0.39999949 | N120: -0.79999898 | O120: 40 | P120: -0.95241851 | R120: =$F$3*N120 -> -0.099999872 | S120: =$F$3*O120 -> 5 | T120: =$F$3*P120 -> -0.11905231
B121: ζ | C121: =Z128 -> -0.774597 | E121: =-(1-C119)*(1-C120) -> -1.774597 | F121: =-(1+C119)*(1-C120) -> -0.225403 | G121: =-(1+C119)*(1+C120) -> -0.225403 | H121: =-(1-C119)*(1+C120) -> -1.774597 | I121: =(1-C119)*(1-C120) -> 1.774597 | J121: =(1+C119)*(1-C120) -> 0.225403 | K121: =(1+C119)*(1+C120) -> 0.225403 | L121: =(1-C119)*(1+C120) -> 1.774597 | N121: -0.450806 | O121: 0 | P121: 42.872985 | R121: =$F$3*N121 -> -0.05635075 | S121: =$F$3*O121 -> 0 | T121: =$F$3*P121 -> 5.3591231
A123: 18 | B123: ξ | C123: =Z88 -> -0.774597 | E123: =-(1-C124)*(1-C125) -> -1 | F123: =(1-C124)*(1-C125) -> 1 | G123: =(1+C124)*(1-C125) -> 1 | H123: =-(1+C124)*(1-C125) -> -1 | I123: =-(1-C124)*(1+C125) -> -1 | J123: =(1-C124)*(1+C125) -> 1 | K123: =(1+C124)*(1+C125) -> 1 | L123: =-(1+C124)*(1+C125) -> -1 | N123: {=MMULT(E123:L125,$B$3:$D$10)} -> 42 | O123: 0 | P123: -5 | R123: =$F$3*N123 -> 5.25 | S123: =$F$3*O123 -> 0 | T123: =$F$3*P123 -> -0.625 | V123: =MDETERM(R123:T125) -> 140.50089 | X123: =V123*AA128*AA129*AA129 -> 61.673914
B124: η | C124: =Z129 -> 0 | E124: =-(1-C123)*(1-C125) -> -1.774597 | F124: =-(1+C123)*(1-C125) -> -0.225403 | G124: =(1+C123)*(1-C125) -> 0.225403 | H124: =(1-C123)*(1-C125) -> 1.774597 | I124: =-(1-C123)*(1+C125) -> -1.774597 | J124: =-(1+C123)*(1+C125) -> -0.225403 | K124: =(1+C123)*(1+C125) -> 0.225403 | L124: =(1-C123)*(1+C125) -> 1.774597 | N124: -0.450806 | O124: 40 | P124: -4.225403 | R124: =$F$3*N124 -> -0.05635075 | S124: =$F$3*O124 -> 5 | T124: =$F$3*P124 -> -0.52817538
B125: ζ | C125: =Z129 -> 0 | E125: =-(1-C123)*(1-C124) -> -1.774597 | F125: =-(1+C123)*(1-C124) -> -0.225403 | G125: =-(1+C123)*(1+C124) -> -0.225403 | H125: =-(1-C123)*(1+C124) -> -1.774597 | I125: =(1-C123)*(1-C124) -> 1.774597 | J125: =(1+C123)*(1-C124) -> 0.225403 | K125: =(1+C123)*(1+C124) -> 0.225403 | L125: =(1-C123)*(1+C124) -> 1.774597 | N125: -0.450806 | O125: 0 | P125: 42.872985 | R125: =$F$3*N125 -> -0.05635075 | S125: =$F$3*O125 -> 0 | T125: =$F$3*P125 -> 5.3591231
A127: 19 | B127: ξ | C127: =Z129 -> 0 | E127: =-(1-C128)*(1-C129) -> -0.050806512 | F127: =(1-C128)*(1-C129) -> 0.050806512 | G127: =(1+C128)*(1-C129) -> 0.39999949 | H127: =-(1+C128)*(1-C129) -> -0.39999949 | I127: =-(1-C128)*(1+C129) -> -0.39999949 | J127: =(1-C128)*(1+C129) -> 0.39999949 | K127: =(1+C128)*(1+C129) -> 3.1491945 | L127: =-(1+C128)*(1+C129) -> -3.1491945 | N127: {=MMULT(E127:L129,$B$3:$D$10)} -> 40.101613 | O127: 0 | P127: -10.247583 | R127: =$F$3*N127 -> 5.0127016 | S127: =$F$3*O127 -> 0 | T127: =$F$3*P127 -> -1.2809478 | V127: =MDETERM(R127:T129) -> 109.68987 | X127: =V127*AA129*AA127*AA127 -> 30.093242 | Z127: 0.774597 | AA127: =5/9 -> 0.55555556
B128: η | C128: =Z127 -> 0.774597 | E128: =-(1-C127)*(1-C129) -> -0.225403 | F128: =-(1+C127)*(1-C129) -> -0.225403 | G128: =(1+C127)*(1-C129) -> 0.225403 | H128: =(1-C127)*(1-C129) -> 0.225403 | I128: =-(1-C127)*(1+C129) -> -1.774597 | J128: =-(1+C127)*(1+C129) -> -1.774597 | K128: =(1+C127)*(1+C129) -> 1.774597 | L128: =(1-C127)*(1+C129) -> 1.774597 | N128: -0.450806 | O128: 40 | P128: -8.872985 | R128: =$F$3*N128 -> -0.05635075 | S128: =$F$3*O128 -> 5 | T128: =$F$3*P128 -> -1.1091231 | Z128: -0.774597 | AA128: =5/9 -> 0.55555556
B129: ζ | C129: =Z127 -> 0.774597 | E129: =-(1-C127)*(1-C128) -> -0.225403 | F129: =-(1+C127)*(1-C128) -> -0.225403 | G129: =-(1+C127)*(1+C128) -> -1.774597 | H129: =-(1-C127)*(1+C128) -> -1.774597 | I129: =(1-C127)*(1-C128) -> 0.225403 | J129: =(1+C127)*(1-C128) -> 0.225403 | K129: =(1+C127)*(1+C128) -> 1.774597 | L129: =(1-C127)*(1+C128) -> 1.774597 | N129: -0.450806 | O129: 0 | P129: 35.127015 | R129: =$F$3*N129 -> -0.05635075 | S129: =$F$3*O129 -> 0 | T129: =$F$3*P129 -> 4.3908769 | Z129: 0 | AA129: =8/9 -> 0.88888889
A131: 20 | B131: ξ | C131: =Z129 -> 0 | E131: =-(1-C132)*(1-C133) -> -0.39999949 | F131: =(1-C132)*(1-C133) -> 0.39999949 | G131: =(1+C132)*(1-C133) -> 3.1491945 | H131: =-(1+C132)*(1-C133) -> -3.1491945 | I131: =-(1-C132)*(1+C133) -> -0.050806512 | J131: =(1-C132)*(1+C133) -> 0.050806512 | K131: =(1+C132)*(1+C133) -> 0.39999949 | L131: =-(1+C132)*(1+C133) -> -0.39999949 | N131: {=MMULT(E131:L133,$B$3:$D$10)} -> 40.799999 | O131: 0 | P131: -1.3016115 | R131: =$F$3*N131 -> 5.0999999 | S131: =$F$3*O131 -> 0 | T131: =$F$3*P131 -> -0.16270144 | V131: =MDETERM(R131:T133) -> 111.92152 | X131: =AA129*AA127*AA128*V131 -> 30.705491
B132: η | C132: =Z127 -> 0.774597 | E132: =-(1-C131)*(1-C133) -> -1.774597 | F132: =-(1+C131)*(1-C133) -> -1.774597 | G132: =(1+C131)*(1-C133) -> 1.774597 | H132: =(1-C131)*(1-C133) -> 1.774597 | I132: =-(1-C131)*(1+C133) -> -0.225403 | J132: =-(1+C131)*(1+C133) -> -0.225403 | K132: =(1+C131)*(1+C133) -> 0.225403 | L132: =(1-C131)*(1+C133) -> 0.225403 | N132: -3.549194 | O132: 40 | P132: -1.127015 | R132: =$F$3*N132 -> -0.44364925 | S132: =$F$3*O132 -> 5 | T132: =$F$3*P132 -> -0.14087688
B133: ζ | C133: =Z128 -> -0.774597 | E133: =-(1-C131)*(1-C132) -> -0.225403 | F133: =-(1+C131)*(1-C132) -> -0.225403 | G133: =-(1+C131)*(1+C132) -> -1.774597 | H133: =-(1-C131)*(1+C132) -> -1.774597 | I133: =(1-C131)*(1-C132) -> 0.225403 | J133: =(1+C131)*(1-C132) -> 0.225403 | K133: =(1+C131)*(1+C132) -> 1.774597 | L133: =(1-C131)*(1+C132) -> 1.774597 | N133: -0.450806 | O133: 0 | P133: 35.127015 | R133: =$F$3*N133 -> -0.05635075 | S133: =$F$3*O133 -> 0 | T133: =$F$3*P133 -> 4.3908769
...

Sheet !V пенты через якобиан
F1: узлы с гексы
A2: точки | B2: X | C2: Y | D2: Z | F2: 1-2-4-5-6-8 | O2: 0 | P2: 0 | Q2: 0 | S2: 0 | T2: 0 | U2: 0 | W2: 0 | X2: 0 | Y2: 0
A3: 1 | B3: ='+V гексы'!B4 -> 0 | C3: ='+V гексы'!C4 -> 0 | D3: ='+V гексы'!D4 -> 0 | O3: 10 | P3: 0 | Q3: 0 | S3: 10 | T3: 0 | U3: 0 | W3: 10 | X3: 0 | Y3: 0
A4: 2 | B4: ='+V гексы'!B5 -> 12 | C4: ='+V гексы'!C5 -> 0 | D4: ='+V гексы'!D5 -> 0 | O4: 10 | P4: 5 | Q4: 0 | S4: 10 | T4: 5 | U4: 0 | W4: 10 | X4: 5 | Y4: 0
A5: 3 | B5: ='+V гексы'!B7 -> 0 | C5: ='+V гексы'!C7 -> 10 | D5: ='+V гексы'!D7 -> 0 | O5: -3 | P5: -5 | Q5: 10 | S5: 0 | T5: 0 | U5: 10 | W5: 0 | X5: 0 | Y5: 10
A6: 4 | B6: ='+V гексы'!B8 -> 0 | C6: ='+V гексы'!C8 -> 0 | D6: ='+V гексы'!D8 -> 12 | O6: -5 | P6: 5 | Q6: 10 | S6: 5 | T6: 0 | U6: 10 | W6: 12 | X6: 0 | Y6: 10
A7: 5 | B7: ='+V гексы'!B9 -> 10 | C7: ='+V гексы'!C9 -> 0 | D7: ='+V гексы'!D9 -> 10 | O7: -5 | P7: -5 | Q7: 10 | S7: -2 | T7: 5 | U7: 10 | W7: 10 | X7: 5 | Y7: 10
A8: 6 | B8: ='+V гексы'!B11 -> 0 | C8: ='+V гексы'!C11 -> 10 | D8: ='+V гексы'!D11 -> 10
O9: Jacobian Ratio | P9: =-3.7 -> -3.7 | S9: 1.47 | W9: 1.1
H20: Киселев, стр 110
A23: слагаемые | B23: ось | C23: координ. т. интегр. | E23: производные функции формы | L23: матрица Якоби | P23: det[J] | R23: det[J]*0,5
A24: 1 | B24: ξ | C24: =1/3 -> 0.33333333 | E24: =-(1-C26)/2 -> -0.2113 | F24: =(1-C26)/2 -> 0.2113 | G24: 0 | H24: =-(1+C26)/2 -> -0.7887 | I24: =(1+C26)/2 -> 0.7887 | J24: 0 | L24: {=MMULT(E24:J26,$B$3:$D$8)} -> 10.4226 | M24: 0 | N24: -1.5774 | P24: =MDETERM(L24:N26) -> 550.614 | R24: =0.5*P24 -> 275.307
B25: η | C25: =1/3 -> 0.33333333 | E25: =-(1-C26)/2 -> -0.2113 | F25: 0 | G25: =(1-C26)/2 -> 0.2113 | H25: =-(1+C26)/2 -> -0.7887 | I25: 0 | J25: =(1+C26)/2 -> 0.7887 | L25: 0 | M25: 10 | N25: -1.5774
B26: ζ | C26: 0.5774 | E26: =-0.5*(1-C24-C25) -> -0.16666667 | F26: =-0.5*C24 -> -0.16666667 | G26: =-0.5*C25 -> -0.16666667 | H26: =0.5*(1-C24-C25) -> 0.16666667 | I26: =0.5*C24 -> 0.16666667 | J26: =0.5*C25 -> 0.16666667 | L26: -0.33333333 | M26: 0 | N26: 5.3333333
A28: 2 | B28: ξ | C28: =1/3 -> 0.33333333 | E28: =-(1-C30)/2 -> -0.788675 | F28: =(1-C30)/2 -> 0.788675 | G28: 0 | H28: =-(1+C30)/2 -> -0.211325 | I28: =(1+C30)/2 -> 0.211325 | J28: 0 | L28: {=MMULT(E28:J30,$B$3:$D$8)} -> 11.57735 | M28: 0 | N28: -0.42265 | P28: =MDETERM(L28:N30) -> 616.04983 | R28: =P28*0.5 -> 308.02492
B29: η | C29: =1/3 -> 0.33333333 | E29: =-(1-C30)/2 -> -0.788675 | F29: 0 | G29: =(1-C30)/2 -> 0.788675 | H29: =-(1+C30)/2 -> -0.211325 | I29: 0 | J29: =(1+C30)/2 -> 0.211325 | L29: 0 | M29: 10 | N29: -0.42265
B30: ζ | C30: -0.57735 | E30: =-0.5*(1-C28-C29) -> -0.16666667 | F30: =-0.5*C28 -> -0.16666667 | G30: =-0.5*C29 -> -0.16666667 | H30: =0.5*(1-C28-C29) -> 0.16666667 | I30: =0.5*C28 -> 0.16666667 | J30: =0.5*C29 -> 0.16666667 | L30: -0.33333333 | M30: 0 | N30: 5.3333333
Q31: V | R31: =SUM(R24:R30) -> 583.33192
Q35: Jacobian Ratio | R35: =R24/R28 -> 0.89378159
Q36: Jacobian Ratio | R36: =R28/R24 -> 1.1188416
A37: одна точка
A38: слагаемые | B38: ось | C38: координ. т. интегр. | E38: производные функции формы | L38: матрица Якоби | P38: det[J]
A39: 1 | B39: ξ | C39: =1/3 -> 0.33333333 | E39: =-(1-C41)/2 -> -0.5 | F39: =(1-C41)/2 -> 0.5 | G39: 0 | H39: =-(1+C41)/2 -> -0.5 | I39: =(1+C41)/2 -> 0.5 | J39: 0 | L39: {=MMULT(E39:J41,$B$3:$D$8)} -> 11 | M39: 0 | N39: -1 | P39: =MDETERM(L39:N41) -> 583.33333 | R39: =P39*2*0.5 -> 583.33333
B40: η | C40: =1/3 -> 0.33333333 | E40: =-(1-C41)/2 -> -0.5 | F40: 0 | G40: =(1-C41)/2 -> 0.5 | H40: =-(1+C41)/2 -> -0.5 | I40: 0 | J40: =(1+C41)/2 -> 0.5 | L40: 0 | M40: 10 | N40: -1
B41: ζ | C41: 0 | E41: =-0.5*(1-C39-C40) -> -0.16666667 | F41: =-0.5*C39 -> -0.16666667 | G41: =-0.5*C40 -> -0.16666667 | H41: =0.5*(1-C39-C40) -> 0.16666667 | I41: =0.5*C39 -> 0.16666667 | J41: =0.5*C40 -> 0.16666667 | L41: -0.33333333 | M41: 0 | N41: 5.3333333

Sheet лок в гл и обр
B2: x | C2: y | D2: z | F2: коэф | H2: точки интегрирования
A3: 1 | B3: ='+NTNdetJ для гексы'!B4 -> 0 | C3: ='+NTNdetJ для гексы'!C4 -> 0 | D3: ='+NTNdetJ для гексы'!D4 -> 0 | F3: =1/8 -> 0.125 | H3: 0.57735
A4: 2 | B4: ='+NTNdetJ для гексы'!B5 -> 12 | C4: ='+NTNdetJ для гексы'!C5 -> 0 | D4: ='+NTNdetJ для гексы'!D5 -> 0 | H4: =-H3 -> -0.57735
A5: 3 | B5: ='+NTNdetJ для гексы'!B6 -> 10 | C5: ='+NTNdetJ для гексы'!C6 -> 10 | D5: ='+NTNdetJ для гексы'!D6 -> 0
A6: 4 | B6: ='+NTNdetJ для гексы'!B7 -> 0 | C6: ='+NTNdetJ для гексы'!C7 -> 10 | D6: ='+NTNdetJ для гексы'!D7 -> 0
A7: 5 | B7: ='+NTNdetJ для гексы'!B8 -> 0 | C7: ='+NTNdetJ для гексы'!C8 -> 0 | D7: ='+NTNdetJ для гексы'!D8 -> 12
A8: 6 | B8: ='+NTNdetJ для гексы'!B9 -> 10 | C8: ='+NTNdetJ для гексы'!C9 -> 0 | D8: ='+NTNdetJ для гексы'!D9 -> 10
A9: 7 | B9: ='+NTNdetJ для гексы'!B10 -> 10 | C9: ='+NTNdetJ для гексы'!C10 -> 10 | D9: ='+NTNdetJ для гексы'!D10 -> 7
A10: 8 | B10: ='+NTNdetJ для гексы'!B11 -> 0 | C10: ='+NTNdetJ для гексы'!C11 -> 10 | D10: ='+NTNdetJ для гексы'!D11 -> 10
W12: =W14+W29+W44+W59+W74+W89+W104+W119 -> 846.5625
A13: слагаемые | B13: ось | C13: координата т. интегр. | E13: производные функции формы | N13: матрица Якоби (без коэффициента 1/8) | R13: матрица Якоби | V13: det[J] | W13: det[J]* коэф | X13: коэф2
A14: 1 | B14: ξ | C14: 0.5 | E14: =-(1-C15)*(1-C16) -> -0.25 | F14: =(1-C15)*(1-C16) -> 0.25 | G14: =(1+C15)*(1-C16) -> 0.75 | H14: =-(1+C15)*(1-C16) -> -0.75 | I14: =-(1-C15)*(1+C16) -> -0.75 | J14: =(1-C15)*(1+C16) -> 0.75 | K14: =(1+C15)*(1+C16) -> 2.25 | L14: =-(1+C15)*(1+C16) -> -2.25 | N14: {=MMULT(E14:L16,$B$3:$D$10)} -> 40.5 | O14: 0 | P14: -8.25 | R14: =$F$3*N14 -> 5.0625 | S14: =$F$3*O14 -> 0 | T14: =$F$3*P14 -> -1.03125 | V14: =MDETERM(R14:T16) -> 105.82031 | W14: =V14*X14 -> 846.5625 | X14: 8
B15: η | C15: 0.5 | E15: =-(1-C14)*(1-C16) -> -0.25 | F15: =-(1+C14)*(1-C16) -> -0.75 | G15: =(1+C14)*(1-C16) -> 0.75 | H15: =(1-C14)*(1-C16) -> 0.25 | I15: =-(1-C14)*(1+C16) -> -0.75 | J15: =-(1+C14)*(1+C16) -> -2.25 | K15: =(1+C14)*(1+C16) -> 2.25 | L15: =(1-C14)*(1+C16) -> 0.75 | N15: -1.5 | O15: 40 | P15: -8.25 | R15: =$F$3*N15 -> -0.1875 | S15: =$F$3*O15 -> 5 | T15: =$F$3*P15 -> -1.03125
B16: ζ | C16: 0.5 | E16: =-(1-C14)*(1-C15) -> -0.25 | F16: =-(1+C14)*(1-C15) -> -0.75 | G16: =-(1+C14)*(1+C15) -> -2.25 | H16: =-(1-C14)*(1+C15) -> -0.75 | I16: =(1-C14)*(1-C15) -> 0.25 | J16: =(1+C14)*(1-C15) -> 0.75 | K16: =(1+C14)*(1+C15) -> 2.25 | L16: =(1-C14)*(1+C15) -> 0.75 | N16: -1.5 | O16: 0 | P16: 33.75 | R16: =$F$3*N16 -> -0.1875 | S16: =$F$3*O16 -> 0 | T16: =$F$3*P16 -> 4.21875
E18: N1 | F18: N2 | G18: N3 | H18: N4 | I18: N5 | J18: N6 | K18: N7 | L18: N8
E19: =(1-C14)*(1-C15)*(1-C16)/8 -> 0.015625 | F19: =(1+C14)*(1-C15)*(1-C16)/8 -> 0.046875 | G19: =(1+C14)*(1+C15)*(1-C16)/8 -> 0.140625 | H19: =(1-C14)*(1+C15)*(1-C16)/8 -> 0.046875 | I19: =(1-C14)*(1-C15)*(1+C16)/8 -> 0.046875 | J19: =(1+C14)*(1-C15)*(1+C16)/8 -> 0.140625 | K19: =(1+C14)*(1+C15)*(1+C16)/8 -> 0.421875 | L19: =(1-C14)*(1+C15)*(1+C16)/8 -> 0.140625
A22: точку из лок в глобальные
A24: X | B24: {=MMULT($E$19:$L$19,B3:B10)} -> 7.59375
A25: Y | B25: {=MMULT($E$19:$L$19,C3:C10)} -> 7.5
A26: Z | B26: =MMULT($E$19:$L$19,D3:D10) -> 6.328125
A28: N | O28: I | S28: M
A29: 0 | C29: {=TRANSPOSE(A29:A31)} -> 0 | D29: 0 | E29: -1 | G29: {=MMULT(A29:A31,C29:E29)} -> 0 | H29: 0 | I29: 0 | K29: =G29*2 -> 0 | L29: =H29*2 -> 0 | M29: =I29*2 -> 0 | O29: 1 | S29: =O29-K29 -> 1 | T29: =P29-L29 -> 0 | U29: =Q29-M29 -> 0
A30: 0 | G30: 0 | H30: 0 | I30: 0 | K30: =G30*2 -> 0 | L30: =H30*2 -> 0 | M30: =I30*2 -> 0 | P30: 1 | S30: =O30-K30 -> 0 | T30: =P30-L30 -> 1 | U30: =Q30-M30 -> 0
A31: -1 | G31: 0 | H31: 0 | I31: 1 | K31: =G31*2 -> 0 | L31: =H31*2 -> 0 | M31: =I31*2 -> 2 | Q31: 1 | S31: =O31-K31 -> 0 | T31: =P31-L31 -> 0 | U31: =Q31-M31 -> -1

Sheet частн произв в гл коор для пент
A2: пента с 1 точкой интегрирования
A4: найдем частные производные в 1 точке интегрирования
A6: x | B6: y | C6: z
A7: ='!V пенты через якобиан'!B3 -> 0 | B7: ='!V пенты через якобиан'!C3 -> 0 | C7: ='!V пенты через якобиан'!D3 -> 0
A8: ='!V пенты через якобиан'!B4 -> 12 | B8: ='!V пенты через якобиан'!C4 -> 0 | C8: ='!V пенты через якобиан'!D4 -> 0
A9: ='!V пенты через якобиан'!B5 -> 0 | B9: ='!V пенты через якобиан'!C5 -> 10 | C9: ='!V пенты через якобиан'!D5 -> 0
A10: ='!V пенты через якобиан'!B6 -> 0 | B10: ='!V пенты через якобиан'!C6 -> 0 | C10: ='!V пенты через якобиан'!D6 -> 12
A11: ='!V пенты через якобиан'!B7 -> 10 | B11: ='!V пенты через якобиан'!C7 -> 0 | C11: ='!V пенты через якобиан'!D7 -> 10
A12: ='!V пенты через якобиан'!B8 -> 0 | B12: ='!V пенты через якобиан'!C8 -> 10 | C12: ='!V пенты через якобиан'!D8 -> 10
D24: N1 | E24: N2 | F24: N3 | G24: N4 | H24: N5 | I24: N6
A25: ось | B25: координата т. интегр. | D25: производные функции формы dNi/dξ, dNi/dη, dNi/dζ | K25: матрица Якоби [J] | O25: {J]-1 | S25: det[J] (по формуле) | U25: det[J] | V25: коэф | W25: =2*0.5 -> 1
A26: ξ | B26: =1/3 -> 0.33333333 | D26: =-(1-B28)/2 -> -0.5 | E26: =(1-B28)/2 -> 0.5 | F26: 0 | G26: =-(1+B28)/2 -> -0.5 | H26: =(1+B28)/2 -> 0.5 | I26: 0 | K26: {=MMULT(D26:I28,A7:C12)} -> 11 | L26: 0 | M26: -1 | O26: {=MINVERSE(K26:M28)} -> 0.091428571 | P26: 0 | Q26: 0.017142857 | S26: =K26*L27*M28+L26*M27*K28+K27*L28*M26-M26*L27*K28-L28*M27*K26-K27*L26*M28 -> 583.33333 | U26: =MDETERM(K26:M28) -> 583.33333 | W26: =U26*W25 -> 583.33333
A27: η | B27: =1/3 -> 0.33333333 | D27: =-(1-B28)/2 -> -0.5 | E27: 0 | F27: =(1-B28)/2 -> 0.5 | G27: =-(1+B28)/2 -> -0.5 | H27: 0 | I27: =(1+B28)/2 -> 0.5 | K27: 0 | L27: 10 | M27: -1 | O27: 0.00057142857 | P27: 0.1 | Q27: 0.018857143
A28: ζ | B28: 0 | D28: =-0.5*(1-B26-B27) -> -0.16666667 | E28: =-0.5*B26 -> -0.16666667 | F28: =-0.5*B27 -> -0.16666667 | G28: =0.5*(1-B26-B27) -> 0.16666667 | H28: =0.5*B26 -> 0.16666667 | I28: =0.5*B27 -> 0.16666667 | K28: -0.33333333 | L28: 0 | M28: 5.3333333 | O28: 0.0057142857 | P28: 0 | Q28: 0.18857143
D29: B | K29: BT | O29: BT*B | V29: BT*B*det[J]*коэф
A30: dNi/dx | D30: {=MMULT($O$26:$Q$28,D26:D28)} -> -0.048571429 | E30: {=MMULT($O$26:$Q$28,E26:E28)} -> 0.042857143 | F30: {=MMULT($O$26:$Q$28,F26:F28)} -> -0.0028571429 | G30: {=MMULT($O$26:$Q$28,G26:G28)} -> -0.042857143 | H30: {=MMULT($O$26:$Q$28,H26:H28)} -> 0.048571429 | I30: {=MMULT($O$26:$Q$28,I26:I28)} -> 0.0028571429 | K30: {=TRANSPOSE(D30:I32)} -> -0.048571429 | L30: -0.053428571 | M30: -0.034285714 | O30: {=MMULT(K30:M35,D30:I32)} -> 0.0063893061 | P30: -0.00094938776 | Q30: -0.0012871837 | R30: 0.0036208163 | S30: -0.0037178776 | T30: -0.0040556735 | V30: =O30*$W$26 -> 3.7270952 | W30: =P30*$W$26 -> -0.55380952 | X30: =Q30*$W$26 -> -0.75085714 | Y30: =R30*$W$26 -> 2.1121429 | Z30: =S30*$W$26 -> -2.1687619 | AA30: =T30*$W$26 -> -2.3658095
A31: dNi/dy | D31: -0.053428571 | E31: -0.0028571429 | F31: 0.046857143 | G31: -0.047142857 | H31: 0.0034285714 | I31: 0.053142857 | K31: 0.042857143 | L31: -0.0028571429 | M31: -0.028571429 | O31: -0.00094938776 | P31: 0.0026612245 | Q31: 0.00064163265 | R31: -0.0025183673 | S31: 0.0010922449 | T31: -0.00092734694 | V31: =O31*$W$26 -> -0.55380952 | W31: =P31*$W$26 -> 1.552381 | X31: =Q31*$W$26 -> 0.37428571 | Y31: =R31*$W$26 -> -1.4690476 | Z31: =S31*$W$26 -> 0.63714286 | AA31: =T31*$W$26 -> -0.54095238
A32: dNi/dz | D32: -0.034285714 | E32: -0.028571429 | F32: -0.031428571 | G32: 0.028571429 | H32: 0.034285714 | I32: 0.031428571 | K32: -0.0028571429 | L32: 0.046857143 | M32: -0.031428571 | O32: -0.0012871837 | P32: 0.00064163265 | Q32: 0.0031915102 | R32: -0.0029844898 | S32: -0.0010556735 | T32: 0.0014942041 | V32: =O32*$W$26 -> -0.75085714 | W32: =P32*$W$26 -> 0.37428571 | X32: =Q32*$W$26 -> 1.8617143 | Y32: =R32*$W$26 -> -1.7409524 | Z32: =S32*$W$26 -> -0.61580952 | AA32: =T32*$W$26 -> 0.87161905
K33: -0.042857143 | L33: -0.047142857 | M33: 0.028571429 | O33: 0.0036208163 | P33: -0.0025183673 | Q33: -0.0029844898 | R33: 0.0048755102 | S33: -0.0012636735 | T33: -0.0017297959 | V33: =O33*$W$26 -> 2.1121429 | W33: =P33*$W$26 -> -1.4690476 | X33: =Q33*$W$26 -> -1.7409524 | Y33: =R33*$W$26 -> 2.8440476 | Z33: =S33*$W$26 -> -0.73714286 | AA33: =T33*$W$26 -> -1.0090476
K34: 0.048571429 | L34: 0.0034285714 | M34: 0.034285714 | O34: -0.0037178776 | P34: 0.0010922449 | Q34: -0.0010556735 | R34: -0.0012636735 | S34: 0.003546449 | T34: 0.0013985306 | V34: =O34*$W$26 -> -2.1687619 | W34: =P34*$W$26 -> 0.63714286 | X34: =Q34*$W$26 -> -0.61580952 | Y34: =R34*$W$26 -> -0.73714286 | Z34: =S34*$W$26 -> 2.0687619 | AA34: =T34*$W$26 -> 0.81580952
K35: 0.0028571429 | L35: 0.053142857 | M35: 0.031428571 | O35: -0.0040556735 | P35: -0.00092734694 | Q35: 0.0014942041 | R35: -0.0017297959 | S35: 0.0013985306 | T35: 0.0038200816 | V35: =O35*$W$26 -> -2.3658095 | W35: =P35*$W$26 -> -0.54095238 | X35: =Q35*$W$26 -> 0.87161905 | Y35: =R35*$W$26 -> -1.0090476 | Z35: =S35*$W$26 -> 0.81580952 | AA35: =T35*$W$26 -> 2.228381
B48: матрица миноров | F48: матрица алгебраич дополнений | J48: транспонированная матрица | N48: {J]-1
B49: =L27*M28-M27*L28 -> 53.333333 | C49: =K27*M28-M27*K28 -> -0.33333333 | D49: =K27*L28-L27*K28 -> 3.3333333 | F49: =B49 -> 53.333333 | G49: =-C49 -> 0.33333333 | H49: =D49 -> 3.3333333 | J49: {=TRANSPOSE(F49:H51)} -> 53.333333 | K49: 0 | L49: 10 | N49: =J49/$U$26 -> 0.091428571 | O49: =K49/$U$26 -> 0 | P49: =L49/$U$26 -> 0.017142857
B50: =L26*M28-M26*L28 -> 0 | C50: =K26*M28-M26*K28 -> 58.333333 | D50: =K26*L28-L26*K28 -> 0 | F50: =-B50 -> 0 | G50: =C50 -> 58.333333 | H50: =-D50 -> 0 | J50: 0.33333333 | K50: 58.333333 | L50: 11 | N50: =J50/$U$26 -> 0.00057142857 | O50: =K50/$U$26 -> 0.1 | P50: =L50/$U$26 -> 0.018857143
B51: =L26*M27-M26*L27 -> 10 | C51: =K26*M27-M26*K27 -> -11 | D51: =K26*L27-L26*K27 -> 110 | F51: =B51 -> 10 | G51: =-C51 -> 11 | H51: =D51 -> 110 | J51: 3.3333333 | K51: 0 | L51: 110 | N51: =J51/$U$26 -> 0.0057142857 | O51: =K51/$U$26 -> 0 | P51: =L51/$U$26 -> 0.18857143
A54: две точки интегрирования
D56: N1 | E56: N2 | F56: N3 | G56: N4 | H56: N5 | I56: N6
A57: ось | B57: координата т. интегр. | D57: производные функции формы dNi/dξ, dNi/dη, dNi/dζ | K57: матрица Якоби [J] | O57: {J]-1 | S57: det[J] (по формуле) | U57: det[J] | V57: коэф | W57: =0.5*1 -> 0.5
A58: ξ | B58: =1/3 -> 0.33333333 | D58: =-(1-B60)/2 -> -0.2113 | E58: =(1-B60)/2 -> 0.2113 | F58: 0 | G58: =-(1+B60)/2 -> -0.7887 | H58: =(1+B60)/2 -> 0.7887 | I58: 0 | K58: {=MMULT(D58:I60,A7:C12)} -> 10.4226 | L58: 0 | M58: -1.5774 | O58: {=MINVERSE(K58:M60)} -> 0.096861564 | P58: 0 | Q58: 0.028648018 | S58: =K58*L59*M60+L58*M59*K60+K59*L60*M58-M58*L59*K60-L60*M59*K58-K59*L58*M60 -> 550.614 | U58: =MDETERM(K58:M60) -> 550.614 | W58: =W57*U58 -> 275.307
A59: η | B59: =1/3 -> 0.33333333 | D59: =-(1-B60)/2 -> -0.2113 | E59: 0 | F59: =(1-B60)/2 -> 0.2113 | G59: =-(1+B60)/2 -> -0.7887 | H59: 0 | I59: =(1+B60)/2 -> 0.7887 | K59: 0 | L59: 10 | M59: -1.5774 | O59: 0.00095493395 | P59: 0.1 | Q59: 0.029858684
A60: ζ | B60: 0.5774 | D60: =-0.5*(1-B58-B59) -> -0.16666667 | E60: =-0.5*B58 -> -0.16666667 | F60: =-0.5*B59 -> -0.16666667 | G60: =0.5*(1-B58-B59) -> 0.16666667 | H60: =0.5*B58 -> 0.16666667 | I60: =0.5*B59 -> 0.16666667 | K60: -0.33333333 | L60: 0 | M60: 5.3333333 | O60: 0.0060538478 | P60: 0 | Q60: 0.1892905
D61: B | K61: BT | O61: BT*B | V61: BT*B*det[J]*коэы
A62: dNi/dx | D62: {=MMULT($O$58:$Q$60,D58:D60)} -> -0.025241518 | E62: {=MMULT($O$58:$Q$60,E58:E60)} -> 0.015692179 | F62: {=MMULT($O$58:$Q$60,F58:F60)} -> -0.0047746697 | G62: {=MMULT($O$58:$Q$60,G58:G60)} -> -0.071620046 | H62: {=MMULT($O$58:$Q$60,H58:H60)} -> 0.081169385 | I62: {=MMULT($O$58:$Q$60,I58:I60)} -> 0.0047746697 | K62: {=TRANSPOSE(D62:I64)} -> -0.025241518 | L62: -0.026308225 | M62: -0.032827595 | O62: {=MMULT(K62:M67,D62:I64)} -> 0.0024069079 | P62: 0.00072318498 | Q62: 0.00073120726 | R62: 0.0028927034 | S62: -0.0033919738 | T62: -0.0033620297 | V62: =O62*$W$58 -> 0.6626386 | W62: =P62*$W$58 -> 0.19909789 | X62: =Q62*$W$58 -> 0.20130648 | Y62: =R62*$W$58 -> 0.79638149 | Z62: =S62*$W$58 -> -0.93383413 | AA62: =T62*$W$58 -> -0.92559032
A63: dNi/dy | D63: -0.026308225 | E63: -0.0047746697 | F63: 0.016153553 | G63: -0.074646709 | H63: 0.0057296037 | I63: 0.083846447 | K63: 0.015692179 | L63: -0.0047746697 | M63: -0.030269239 | O63: 0.00072318498 | P63: 0.0011852688 | Q63: 0.00080289371 | R63: -0.0015778821 | S63: 0.00014689536 | T63: -0.0012803607 | V63: =O63*$W$58 -> 0.19909789 | W63: =P63*$W$58 -> 0.32631279 | X63: =Q63*$W$58 -> 0.22104226 | Y63: =R63*$W$58 -> -0.434402 | Z63: =S63*$W$58 -> 0.040441321 | AA63: =T63*$W$58 -> -0.35249226
A64: dNi/dz | D64: -0.032827595 | E64: -0.030269239 | F64: -0.031548417 | G64: 0.026773747 | H64: 0.036323087 | I64: 0.031548417 | K64: -0.0047746697 | L64: 0.016153553 | M64: -0.031548417 | O64: 0.00073120726 | P64: 0.00080289371 | Q64: 0.0012790373 | R64: -0.0017085168 | S64: -0.0014409394 | T64: 0.00033631793 | V64: =O64*$W$58 -> 0.20130648 | W64: =P64*$W$58 -> 0.22104226 | X64: =Q64*$W$58 -> 0.35212793 | Y64: =R64*$W$58 -> -0.47036664 | Z64: =S64*$W$58 -> -0.39670071 | AA64: =T64*$W$58 -> 0.09259068
K65: -0.071620046 | L65: -0.074646709 | M65: 0.026773747 | O65: 0.0028927034 | P65: -0.0015778821 | Q65: -0.0017085168 | R65: 0.011418396 | S65: -0.005268546 | T65: -0.0057561541 | V65: =O65*$W$58 -> 0.79638149 | W65: =P65*$W$58 -> -0.434402 | X65: =Q65*$W$58 -> -0.47036664 | Y65: =R65*$W$58 -> 3.1435643 | Z65: =S65*$W$58 -> -1.4504676 | AA65: =T65*$W$58 -> -1.5847095
K66: 0.081169385 | L66: 0.0057296037 | M66: 0.036323087 | O66: -0.0033919738 | P66: 0.00014689536 | Q66: -0.0014409394 | R66: -0.005268546 | S66: 0.0079406641 | T66: 0.0020138998 | V66: =O66*$W$58 -> -0.93383413 | W66: =P66*$W$58 -> 0.040441321 | X66: =Q66*$W$58 -> -0.39670071 | Y66: =R66*$W$58 -> -1.4504676 | Z66: =S66*$W$58 -> 2.1861204 | AA66: =T66*$W$58 -> 0.55444071
K67: 0.0047746697 | L67: 0.083846447 | M67: 0.031548417 | O67: -0.0033620297 | P67: -0.0012803607 | Q67: 0.00033631793 | R67: -0.0057561541 | S67: 0.0020138998 | T67: 0.0080483268 | V67: =O67*$W$58 -> -0.92559032 | W67: =P67*$W$58 -> -0.35249226 | X67: =Q67*$W$58 -> 0.09259068 | Y67: =R67*$W$58 -> -1.5847095 | Z67: =S67*$W$58 -> 0.55444071 | AA67: =T67*$W$58 -> 2.2157607
D73: N1 | E73: N2 | F73: N3 | G73: N4 | H73: N5 | I73: N6
A74: ось | B74: координата т. интегр. | D74: производные функции формы dNi/dξ, dNi/dη, dNi/dζ | K74: матрица Якоби [J] | O74: {J]-1 | S74: det[J] (по формуле) | U74: det[J]
A75: ξ | B75: =1/3 -> 0.33333333 | D75: =-(1-B77)/2 -> -0.7887 | E75: =(1-B77)/2 -> 0.7887 | F75: 0 | G75: =-(1+B77)/2 -> -0.2113 | H75: =(1+B77)/2 -> 0.2113 | I75: 0 | K75: {=MMULT(D75:I77,A7:C12)} -> 11.5774 | L75: 0 | M75: -0.4226 | O75: {=MINVERSE(K75:M77)} -> 0.086572685 | P75: 0 | Q75: 0.0068598031 | S75: =K75*L76*M77+L75*M76*K77+K76*L77*M75-M75*L76*K77-L77*M76*K75-K76*L75*M77 -> 616.05267 | U75: =MDETERM(K75:M77) -> 616.05267 | W75: =$W$57*U75 -> 308.02633
A76: η | B76: =1/3 -> 0.33333333 | D76: =-(1-B77)/2 -> -0.7887 | E76: 0 | F76: =(1-B77)/2 -> 0.7887 | G76: =-(1+B77)/2 -> -0.2113 | H76: 0 | I76: =(1+B77)/2 -> 0.2113 | K76: 0 | L76: 10 | M76: -0.4226 | O76: 0.0002286601 | P76: 0.1 | Q76: 0.0079418685
A77: ζ | B77: -0.5774 | D77: =-0.5*(1-B75-B76) -> -0.16666667 | E77: =-0.5*B75 -> -0.16666667 | F77: =-0.5*B76 -> -0.16666667 | G77: =0.5*(1-B75-B76) -> 0.16666667 | H77: =0.5*B75 -> 0.16666667 | I77: =0.5*B76 -> 0.16666667 | K77: -0.33333333 | L77: 0 | M77: 5.3333333 | O77: 0.0054107928 | P77: 0 | Q77: 0.18792874
D78: B | K78: BT | O78: BT*B | V78: BT*B*det[J]*коэф
A79: dNi/dx | D79: {=MMULT($O$75:$Q$77,D75:D77)} -> -0.069423177 | E79: {=MMULT($O$75:$Q$77,E75:E77)} -> 0.067136576 | F79: {=MMULT($O$75:$Q$77,F75:F77)} -> -0.0011433005 | G79: {=MMULT($O$75:$Q$77,G75:G77)} -> -0.017149508 | H79: {=MMULT($O$75:$Q$77,H75:H77)} -> 0.019436109 | I79: {=MMULT($O$75:$Q$77,I75:I77)} -> 0.0011433005 | K79: {=TRANSPOSE(D79:I81)} -> -0.069423177 | L79: -0.080373989 | M79: -0.035588949 | O79: {=MMULT(K79:M84,D79:I81)} -> 0.012546129 | P79: -0.0036061206 | Q79: -0.0050386407 | R79: 0.0017123636 | S79: -0.0026149729 | T79: -0.0029987582 | V79: {=O79*$W$75} -> 3.8645381 | W79: =P79*$W$75 -> -1.1107801 | X79: =Q79*$W$75 -> -1.552034 | Y79: =R79*$W$75 -> 0.52745308 | Z79: =S79*$W$75 -> -0.80548052 | AA79: =T79*$W$75 -> -0.92369651
A80: dNi/dy | D80: -0.080373989 | E80: -0.0011433005 | F80: 0.077546355 | G80: -0.019854671 | H80: 0.0013719606 | I80: 0.022453645 | K80: 0.067136576 | L80: -0.0011433005 | M80: -0.027053964 | O80: -0.0036061206 | P80: 0.0052405439 | Q80: 0.00068195348 | R80: -0.0019450981 | S80: 0.00042500487 | T80: -0.00079628353 | V80: =O80*$W$75 -> -1.1107801 | W80: =P80*$W$75 -> 1.6142255 | X80: =Q80*$W$75 -> 0.21005963 | Y80: =R80*$W$75 -> -0.59914144 | Z80: =S80*$W$75 -> 0.13091269 | AA80: =T80*$W$75 -> -0.2452763
A81: dNi/dz | D81: -0.035588949 | E81: -0.027053964 | F81: -0.031321456 | G81: 0.030178156 | H81: 0.032464757 | I81: 0.031321456 | K81: -0.0011433005 | L81: 0.077546355 | M81: -0.031321456 | O81: -0.0050386407 | P81: 0.00068195348 | Q81: 0.006995778 | R81: -0.0024652741 | S81: -0.00093267423 | T81: 0.00075885755 | V81: =O81*$W$75 -> -1.552034 | W81: =P81*$W$75 -> 0.21005963 | X81: =Q81*$W$75 -> 2.1548838 | Y81: =R81*$W$75 -> -0.75936935 | Z81: =S81*$W$75 -> -0.28728822 | AA81: =T81*$W$75 -> 0.23374811
K82: -0.017149508 | L82: -0.019854671 | M82: 0.030178156 | O82: 0.0017123636 | P82: -0.0019450981 | Q82: -0.0024652741 | R82: 0.0015990347 | S82: 0.00061916696 | T82: 0.00047980701 | V82: =O82*$W$75 -> 0.52745308 | W82: =P82*$W$75 -> -0.59914144 | X82: =Q82*$W$75 -> -0.75936935 | Y82: =R82*$W$75 -> 0.49254479 | Z82: {=S82*$W$75} -> 0.19071973 | AA82: =T82*$W$75 -> 0.14779319
K83: 0.019436109 | L83: 0.0013719606 | M83: 0.032464757 | O83: -0.0026149729 | P83: 0.00042500487 | Q83: -0.00093267423 | R83: 0.00061916696 | S83: 0.001433605 | T83: 0.0010698703 | V83: =O83*$W$75 -> -0.80548052 | W83: =P83*$W$75 -> 0.13091269 | X83: =Q83*$W$75 -> -0.28728822 | Y83: =R83*$W$75 -> 0.19071973 | Z83: =S83*$W$75 -> 0.4415881 | AA83: =T83*$W$75 -> 0.32954822
K84: 0.0011433005 | L84: 0.022453645 | M84: 0.031321456 | O84: -0.0029987582 | P84: -0.00079628353 | Q84: 0.00075885755 | R84: 0.00047980701 | S84: 0.0010698703 | T84: 0.0014865069 | V84: =O84*$W$75 -> -0.92369651 | W84: =P84*$W$75 -> -0.2452763 | X84: =Q84*$W$75 -> 0.23374811 | Y84: =R84*$W$75 -> 0.14779319 | Z84: =S84*$W$75 -> 0.32954822 | AA84: =T84*$W$75 -> 0.45788328
U86: сумма | V86: =V62+V79 -> 4.5271767 | W86: =W62+W79 -> -0.91168223 | X86: =X62+X79 -> -1.3507275 | Y86: =Y62+Y79 -> 1.3238346 | Z86: =Z62+Z79 -> -1.7393147 | AA86: =AA62+AA79 -> -1.8492868
V87: =V63+V80 -> -0.91168223 | W87: =W63+W80 -> 1.9405383 | X87: =X63+X80 -> 0.43110189 | Y87: =Y63+Y80 -> -1.0335434 | Z87: =Z63+Z80 -> 0.17135401 | AA87: =AA63+AA80 -> -0.59776856
V88: =V64+V81 -> -1.3507275 | W88: =W64+W81 -> 0.43110189 | X88: =X64+X81 -> 2.5070118 | Y88: =Y64+Y81 -> -1.229736 | Z88: =Z64+Z81 -> -0.68398893 | AA88: =AA64+AA81 -> 0.32633879
V89: =V65+V82 -> 1.3238346 | W89: =W65+W82 -> -1.0335434 | X89: =X65+X82 -> -1.229736 | Y89: =Y65+Y82 -> 3.6361091 | Z89: =Z65+Z82 -> -1.2597479 | AA89: =AA65+AA82 -> -1.4369163
V90: =V66+V83 -> -1.7393147 | W90: =W66+W83 -> 0.17135401 | X90: =X66+X83 -> -0.68398893 | Y90: =Y66+Y83 -> -1.2597479 | Z90: =Z66+Z83 -> 2.6277085 | AA90: =AA66+AA83 -> 0.88398893
V91: =V67+V84 -> -1.8492868 | W91: =W67+W84 -> -0.59776856 | X91: =X67+X84 -> 0.32633879 | Y91: =Y67+Y84 -> -1.4369163 | Z91: =Z67+Z84 -> 0.88398893 | AA91: =AA67+AA84 -> 2.673644
A92: три точки интегрирования
D94: N1 | E94: N2 | F94: N3 | G94: N4 | H94: N5 | I94: N6 | U94: =U96+U110+U126 -> 583.33333
A95: ось | B95: координата т. интегр. | D95: производные функции формы dNi/dξ, dNi/dη, dNi/dζ | K95: матрица Якоби [J] | O95: {J]-1 | S95: det[J] | U95: det[J] *коэф | W95: =0.5*5/9 -> 0.27777778
A96: ξ | B96: =1/3 -> 0.33333333 | D96: =-(1-B98)/2 -> -0.8872985 | E96: =(1-B98)/2 -> 0.8872985 | F96: 0 | G96: =-(1+B98)/2 -> -0.1127015 | H96: =(1+B98)/2 -> 0.1127015 | I96: 0 | K96: {=MMULT(D96:I98,A7:C12)} -> 11.774597 | L96: 0 | M96: -0.225403 | O96: {=MINVERSE(K96:M98)} -> 0.085030331 | P96: 0 | Q96: 0.0035936422 | S96: =MDETERM(K96:M98) -> 627.22716 | U96: =S96*W95 -> 174.22977
A97: η | B97: =1/3 -> 0.33333333 | D97: =-(1-B98)/2 -> -0.8872985 | E97: 0 | F97: =(1-B98)/2 -> 0.8872985 | G97: =-(1+B98)/2 -> -0.1127015 | H97: 0 | I97: =(1+B98)/2 -> 0.1127015 | K97: 0 | L97: 10 | M97: -0.225403 | O97: 0.00011978807 | P97: 0.1 | Q97: 0.0042313689
A98: ζ | B98: -0.774597 | D98: =-0.5*(1-B96-B97) -> -0.16666667 | E98: =-0.5*B96 -> -0.16666667 | F98: =-0.5*B97 -> -0.16666667 | G98: =0.5*(1-B96-B97) -> 0.16666667 | H98: =0.5*B96 -> 0.16666667 | I98: =0.5*B97 -> 0.16666667 | K98: -0.33333333 | L98: 0 | M98: 5.3333333 | O98: 0.0053143957 | P98: 0 | Q98: 0.1877246
D99: B | K99: BT | O99: BT*B | V99: BT*B*det[J]*коэф
A100: dNi/dx | D100: {=MMULT($O$96:$Q$98,D96:D98)} -> -0.076046226 | E100: {=MMULT($O$96:$Q$98,E96:E98)} -> 0.074848345 | F100: {=MMULT($O$96:$Q$98,F96:F98)} -> -0.00059894037 | G100: {=MMULT($O$96:$Q$98,G96:G98)} -> -0.0089841055 | H100: {=MMULT($O$96:$Q$98,H96:H98)} -> 0.010181986 | I100: {=MMULT($O$96:$Q$98,I96:I98)} -> 0.00059894037 | K100: {=TRANSPOSE(D100:I102)} -> -0.076046226 | L100: -0.089541366 | M100: -0.036002889 | O100: {=MMULT(K100:M105,D100:I102)} -> 0.015096893 | P100: -0.0046816362 | Q100: -0.0067098597 | R100: 0.00052553926 | S100: -0.0019866591 | T100: -0.0022442769 | V100: =O100*$W$75 -> 4.6502405 | W100: =P100*$W$75 -> -1.4420672 | X100: =Q100*$W$75 -> -2.0668135 | Y100: =R100*$W$75 -> 0.16187993 | Z100: =S100*$W$75 -> -0.61194333 | AA100: =T100*$W$75 -> -0.69129638
A101: dNi/dy | D101: -0.089541366 | E101: -0.00059894037 | F101: 0.088024622 | G101: -0.010578422 | H101: 0.00071872844 | I101: 0.011975378 | K101: 0.074848345 | L101: -0.00059894037 | M101: -0.026571978 | O101: -0.0046816362 | P101: 0.0063087035 | Q101: 0.00073381782 | R101: -0.0014815636 | S101: -8.5609706e-05 | T101: -0.00079371186 | V101: =O101*$W$75 -> -1.4420672 | W101: =P101*$W$75 -> 1.9432468 | X101: =Q101*$W$75 -> 0.22603521 | Y101: =R101*$W$75 -> -0.45636059 | Z101: =S101*$W$75 -> -0.026370044 | AA101: =T101*$W$75 -> -0.24448415
A102: dNi/dz | D102: -0.036002889 | E102: -0.026571978 | F102: -0.031287434 | G102: 0.030688493 | H102: 0.031886374 | I102: 0.031287434 | K102: -0.00059894037 | L102: 0.088024622 | M102: -0.031287434 | O102: -0.0067098597 | P102: 0.00073381782 | Q102: 0.0087275963 | R102: -0.0018859449 | S102: -0.00094047542 | T102: 7.4865891e-05 | V102: =O102*$W$75 -> -2.0668135 | W102: =P102*$W$75 -> 0.22603521 | X102: =Q102*$W$75 -> 2.6883295 | Y102: =R102*$W$75 -> -0.58092068 | Z102: =S102*$W$75 -> -0.2896912 | AA102: =T102*$W$75 -> 0.023060666
K103: -0.0089841055 | L103: -0.010578422 | M103: 0.030688493 | O103: 0.00052553926 | P103: -0.0014815636 | Q103: -0.0018859449 | R103: 0.0011344008 | S103: 0.00087946573 | T103: 0.00082810266 | V103: =O103*$W$75 -> 0.16187993 | W103: =P103*$W$75 -> -0.45636059 | X103: =Q103*$W$75 -> -0.58092068 | Y103: =R103*$W$75 -> 0.34942532 | Z103: =S103*$W$75 -> 0.2708986 | AA103: =T103*$W$75 -> 0.25507742
K104: 0.010181986 | L104: 0.00071872844 | M104: 0.031886374 | O104: -0.0019866591 | P104: -8.5609706e-05 | Q104: -0.00094047542 | R104: 0.00087946573 | S104: 0.0011209303 | T104: 0.0010123483 | V104: =O104*$W$75 -> -0.61194333 | W104: =P104*$W$75 -> -0.026370044 | X104: =Q104*$W$75 -> -0.2896912 | Y104: =R104*$W$75 -> 0.2708986 | Z104: =S104*$W$75 -> 0.34527604 | AA104: =T104*$W$75 -> 0.31182992
K105: 0.00059894037 | L105: 0.011975378 | M105: 0.031287434 | O105: -0.0022442769 | P105: -0.00079371186 | Q105: 7.4865891e-05 | R105: 0.00082810266 | S105: 0.0010123483 | T105: 0.0011226719 | V105: =O105*$W$75 -> -0.69129638 | W105: =P105*$W$75 -> -0.24448415 | X105: =Q105*$W$75 -> 0.023060666 | Y105: =R105*$W$75 -> 0.25507742 | Z105: =S105*$W$75 -> 0.31182992 | AA105: =T105*$W$75 -> 0.34581252
D108: N1 | E108: N2 | F108: N3 | G108: N4 | H108: N5 | I108: N6
A109: ось | B109: координата т. интегр. | D109: производные функции формы dNi/dξ, dNi/dη, dNi/dζ | K109: матрица Якоби [J] | O109: {J]-1 | S109: det[J] | U109: det[J] *коэф | W109: =0.5*8/9 -> 0.44444444
A110: ξ | B110: =1/3 -> 0.33333333 | D110: =-(1-B112)/2 -> -0.5 | E110: =(1-B112)/2 -> 0.5 | F110: 0 | G110: =-(1+B112)/2 -> -0.5 | H110: =(1+B112)/2 -> 0.5 | I110: 0 | K110: {=MMULT(D110:I112,A7:C12)} -> 11 | L110: 0 | M110: -1 | O110: {=MINVERSE(K110:M112)} -> 0.091428571 | P110: 0 | Q110: 0.017142857 | S110: {=MDETERM(K110:M112)} -> 583.33333 | U110: =S110*W109 -> 259.25926
A111: η | B111: =1/3 -> 0.33333333 | D111: =-(1-B112)/2 -> -0.5 | E111: 0 | F111: =(1-B112)/2 -> 0.5 | G111: =-(1+B112)/2 -> -0.5 | H111: 0 | I111: =(1+B112)/2 -> 0.5 | K111: 0 | L111: 10 | M111: -1 | O111: 0.00057142857 | P111: 0.1 | Q111: 0.018857143
A112: ζ | B112: 0 | D112: =-0.5*(1-B110-B111) -> -0.16666667 | E112: =-0.5*B110 -> -0.16666667 | F112: =-0.5*B111 -> -0.16666667 | G112: =0.5*(1-B110-B111) -> 0.16666667 | H112: =0.5*B110 -> 0.16666667 | I112: =0.5*B111 -> 0.16666667 | K112: -0.33333333 | L112: 0 | M112: 5.3333333 | O112: 0.0057142857 | P112: 0 | Q112: 0.18857143
D113: B | K113: BT | O113: BT*B | V113: BT*B*det[J]*коэф
A114: dNi/dx | D114: {=MMULT($O$110:$Q$112,D110:D112)} -> -0.048571429 | E114: {=MMULT($O$110:$Q$112,E110:E112)} -> 0.042857143 | F114: {=MMULT($O$110:$Q$112,F110:F112)} -> -0.0028571429 | G114: {=MMULT($O$110:$Q$112,G110:G112)} -> -0.042857143 | H114: {=MMULT($O$110:$Q$112,H110:H112)} -> 0.048571429 | I114: {=MMULT($O$110:$Q$112,I110:I112)} -> 0.0028571429 | K114: {=TRANSPOSE(D114:I116)} -> -0.048571429 | L114: -0.053428571 | M114: -0.034285714 | O114: {=MMULT(K114:M119,D114:I116)} -> 0.0063893061 | P114: -0.00094938776 | Q114: -0.0012871837 | R114: 0.0036208163 | S114: -0.0037178776 | T114: -0.0040556735 | V114: =O114*$U$110 -> 1.6564868 | W114: =P114*$U$110 -> -0.24613757 | X114: =Q114*$U$110 -> -0.33371429 | Y114: =R114*$U$110 -> 0.93873016 | Z114: =S114*$U$110 -> -0.96389418 | AA114: =T114*$U$110 -> -1.0514709
A115: dNi/dy | D115: -0.053428571 | E115: -0.0028571429 | F115: 0.046857143 | G115: -0.047142857 | H115: 0.0034285714 | I115: 0.053142857 | K115: 0.042857143 | L115: -0.0028571429 | M115: -0.028571429 | O115: -0.00094938776 | P115: 0.0026612245 | Q115: 0.00064163265 | R115: -0.0025183673 | S115: 0.0010922449 | T115: -0.00092734694 | V115: =O115*$U$110 -> -0.24613757 | W115: =P115*$U$110 -> 0.68994709 | X115: =Q115*$U$110 -> 0.16634921 | Y115: =R115*$U$110 -> -0.65291005 | Z115: =S115*$U$110 -> 0.2831746 | AA115: =T115*$U$110 -> -0.24042328
A116: dNi/dz | D116: -0.034285714 | E116: -0.028571429 | F116: -0.031428571 | G116: 0.028571429 | H116: 0.034285714 | I116: 0.031428571 | K116: -0.0028571429 | L116: 0.046857143 | M116: -0.031428571 | O116: -0.0012871837 | P116: 0.00064163265 | Q116: 0.0031915102 | R116: -0.0029844898 | S116: -0.0010556735 | T116: 0.0014942041 | V116: =O116*$U$110 -> -0.33371429 | W116: =P116*$U$110 -> 0.16634921 | X116: =Q116*$U$110 -> 0.82742857 | Y116: =R116*$U$110 -> -0.77375661 | Z116: =S116*$U$110 -> -0.27369312 | AA116: =T116*$U$110 -> 0.38738624
K117: -0.042857143 | L117: -0.047142857 | M117: 0.028571429 | O117: 0.0036208163 | P117: -0.0025183673 | Q117: -0.0029844898 | R117: 0.0048755102 | S117: -0.0012636735 | T117: -0.0017297959 | V117: =O117*$U$110 -> 0.93873016 | W117: =P117*$U$110 -> -0.65291005 | X117: =Q117*$U$110 -> -0.77375661 | Y117: =R117*$U$110 -> 1.2640212 | Z117: =S117*$U$110 -> -0.32761905 | AA117: =T117*$U$110 -> -0.44846561
K118: 0.048571429 | L118: 0.0034285714 | M118: 0.034285714 | O118: -0.0037178776 | P118: 0.0010922449 | Q118: -0.0010556735 | R118: -0.0012636735 | S118: 0.003546449 | T118: 0.0013985306 | V118: =O118*$U$110 -> -0.96389418 | W118: =P118*$U$110 -> 0.2831746 | X118: =Q118*$U$110 -> -0.27369312 | Y118: =R118*$U$110 -> -0.32761905 | Z118: =S118*$U$110 -> 0.91944974 | AA118: =T118*$U$110 -> 0.36258201
K119: 0.0028571429 | L119: 0.053142857 | M119: 0.031428571 | O119: -0.0040556735 | P119: -0.00092734694 | Q119: 0.0014942041 | R119: -0.0017297959 | S119: 0.0013985306 | T119: 0.0038200816 | V119: =O119*$U$110 -> -1.0514709 | W119: =P119*$U$110 -> -0.24042328 | X119: =Q119*$U$110 -> 0.38738624 | Y119: =R119*$U$110 -> -0.44846561 | Z119: =S119*$U$110 -> 0.36258201 | AA119: =T119*$U$110 -> 0.99039153
D124: N1 | E124: N2 | F124: N3 | G124: N4 | H124: N5 | I124: N6
A125: ось | B125: координата т. интегр. | D125: производные функции формы dNi/dξ, dNi/dη, dNi/dζ | K125: матрица Якоби [J] | O125: {J]-1 | S125: det[J] | U125: det[J] *коэф | W125: =0.5*5/9 -> 0.27777778
A126: ξ | B126: =1/3 -> 0.33333333 | D126: =-(1-B128)/2 -> -0.1127015 | E126: =(1-B128)/2 -> 0.1127015 | F126: 0 | G126: =-(1+B128)/2 -> -0.8872985 | H126: =(1+B128)/2 -> 0.8872985 | I126: 0 | K126: {=MMULT(D126:I128,$A$7:$C$12)} -> 10.225403 | L126: 0 | M126: -1.774597 | O126: {=MINVERSE(K126:M128)} -> 0.098868053 | P126: 0 | Q126: 0.032897053 | S126: {=MDETERM(K126:M128)} -> 539.4395 | U126: =S126*W125 -> 149.84431
A127: η | B127: =1/3 -> 0.33333333 | D127: =-(1-B128)/2 -> -0.1127015 | E127: 0 | F127: =(1-B128)/2 -> 0.1127015 | G127: =-(1+B128)/2 -> -0.8872985 | H127: 0 | I127: =(1+B128)/2 -> 0.8872985 | K127: 0 | L127: 10 | M127: -1.774597 | O127: 0.0010965684 | P127: 0.1 | Q127: 0.033638563
A128: ζ | B128: 0.774597 | D128: =-0.5*(1-B126-B127) -> -0.16666667 | E128: =-0.5*B126 -> -0.16666667 | F128: =-0.5*B127 -> -0.16666667 | G128: =0.5*(1-B126-B127) -> 0.16666667 | H128: =0.5*B126 -> 0.16666667 | I128: =0.5*B127 -> 0.16666667 | K128: -0.33333333 | L128: 0 | M128: 5.3333333 | O128: 0.0061792533 | P128: 0 | Q128: 0.18955607
D129: B | K129: BT | O129: BT*B | V129: BT*B*det[J]*коэф
A130: dNi/dx | D130: {=MMULT($O$126:$Q$128,D126:D128)} -> -0.01662542 | E130: {=MMULT($O$126:$Q$128,E126:E128)} -> 0.0056597357 | F130: {=MMULT($O$126:$Q$128,F126:F128)} -> -0.0054828422 | G130: {=MMULT($O$126:$Q$128,G126:G128)} -> -0.082242633 | H130: {=MMULT($O$126:$Q$128,H126:H128)} -> 0.093208317 | I130: {=MMULT($O$126:$Q$128,I126:I128)} -> 0.0054828422 | K130: {=TRANSPOSE(D130:I132)} -> -0.01662542 | L130: -0.017000162 | M130: -0.032289089 | O130: {=MMULT(K130:M135,D130:I132)} -> 0.0016079954 | P130: 0.00099672601 | Q130: 0.0010149691 | R130: 0.0019539081 | S130: -0.0028586132 | T130: -0.0027149853 | V130: =O130*$U$126 -> 0.24094895 | W130: =P130*$U$126 -> 0.14935372 | X130: =Q130*$U$126 -> 0.15208734 | Y130: =R130*$U$126 -> 0.292782 | Z130: =S130*$U$126 -> -0.42834692 | AA130: =T130*$U$126 -> -0.40682509
A131: dNi/dy | D131: -0.017000162 | E131: -0.0054828422 | F131: 0.0056637229 | G131: -0.084096406 | H131: 0.0065794106 | I131: 0.094336277 | K131: 0.0056597357 | L131: -0.0054828422 | M131: -0.030896267 | O131: 0.00099672601 | P131: 0.0010166735 | Q131: 0.00091401105 | R131: -0.00081108067 | S131: -0.00065403457 | T131: -0.0014622953 | V131: =O131*$U$126 -> 0.14935372 | W131: =P131*$U$126 -> 0.15234273 | X131: =Q131*$U$126 -> 0.13695935 | Y131: =R131*$U$126 -> -0.12153582 | Z131: =S131*$U$126 -> -0.098003357 | AA131: =T131*$U$126 -> -0.21911662
A132: dNi/dz | D132: -0.032289089 | E132: -0.030896267 | F132: -0.031592678 | G132: 0.026109835 | H132: 0.03707552 | I132: 0.031592678 | K132: -0.0054828422 | L132: 0.0056637229 | M132: -0.031592678 | O132: 0.0010149691 | P132: 0.00091401105 | Q132: 0.0010602366 | R132: -0.00085025498 | S132: -0.0016450975 | T132: -0.00049386431 | V132: =O132*$U$126 -> 0.15208734 | W132: =P132*$U$126 -> 0.13695935 | X132: =Q132*$U$126 -> 0.15887042 | Y132: =R132*$U$126 -> -0.12740587 | Z132: =S132*$U$126 -> -0.24650849 | AA132: =T132*$U$126 -> -0.074002754
K133: -0.082242633 | L133: -0.084096406 | M133: 0.026109835 | O133: 0.0019539081 | P133: -0.00081108067 | Q133: -0.00085025498 | R133: 0.01451778 | S133: -0.0072509665 | T133: -0.0075593857 | V133: =O133*$U$126 -> 0.292782 | W133: =P133*$U$126 -> -0.12153582 | X133: =Q133*$U$126 -> -0.12740587 | Y133: =R133*$U$126 -> 2.1754066 | Z133: =S133*$U$126 -> -1.086516 | AA133: =T133*$U$126 -> -1.1327309
K134: 0.093208317 | L134: 0.0065794106 | M134: 0.03707552 | O134: -0.0028586132 | P134: -0.00065403457 | Q134: -0.0016450975 | R134: -0.0072509665 | S134: 0.010105673 | T134: 0.0023030385 | V134: =O134*$U$126 -> -0.42834692 | W134: =P134*$U$126 -> -0.098003357 | X134: =Q134*$U$126 -> -0.24650849 | Y134: =R134*$U$126 -> -1.086516 | Z134: =S134*$U$126 -> 1.5142776 | AA134: =T134*$U$126 -> 0.34509721
K135: 0.0054828422 | L135: 0.094336277 | M135: 0.031592678 | O135: -0.0027149853 | P135: -0.0014622953 | Q135: -0.00049386431 | R135: -0.0075593857 | S135: 0.0023030385 | T135: 0.009927492 | V135: =O135*$U$126 -> -0.40682509 | W135: =P135*$U$126 -> -0.21911662 | X135: =Q135*$U$126 -> -0.074002754 | Y135: =R135*$U$126 -> -1.1327309 | Z135: =S135*$U$126 -> 0.34509721 | AA135: =T135*$U$126 -> 1.4875782
V137: =SUM(V100+V114+V130) -> 6.5476762 | W137: =SUM(W100+W114+W130) -> -1.5388511 | X137: =SUM(X100+X114+X130) -> -2.2484404 | Y137: =SUM(Y100+Y114+Y130) -> 1.3933921 | Z137: =SUM(Z100+Z114+Z130) -> -2.0041844 | AA137: =SUM(AA100+AA114+AA130) -> -2.1495924
V138: =SUM(V101+V115+V131) -> -1.5388511 | W138: =SUM(W101+W115+W131) -> 2.7855366 | X138: =SUM(X101+X115+X131) -> 0.52934377 | Y138: =SUM(Y101+Y115+Y131) -> -1.2308065 | Z138: =SUM(Z101+Z115+Z131) -> 0.1588012 | AA138: =SUM(AA101+AA115+AA131) -> -0.70402405
V139: =SUM(V102+V116+V132) -> -2.2484404 | W139: =SUM(W102+W116+W132) -> 0.52934377 | X139: =SUM(X102+X116+X132) -> 3.6746285 | Y139: =SUM(Y102+Y116+Y132) -> -1.4820832 | Z139: =SUM(Z102+Z116+Z132) -> -0.80989281 | AA139: =SUM(AA102+AA116+AA132) -> 0.33644415
V140: =SUM(V103+V117+V133) -> 1.3933921 | W140: =SUM(W103+W117+W133) -> -1.2308065 | X140: =SUM(X103+X117+X133) -> -1.4820832 | Y140: =SUM(Y103+Y117+Y133) -> 3.7888531 | Z140: =SUM(Z103+Z117+Z133) -> -1.1432365 | AA140: =SUM(AA103+AA117+AA133) -> -1.3261191
V141: =SUM(V104+V118+V134) -> -2.0041844 | W141: =SUM(W104+W118+W134) -> 0.1588012 | X141: =SUM(X104+X118+X134) -> -0.80989281 | Y141: =SUM(Y104+Y118+Y134) -> -1.1432365 | Z141: =SUM(Z104+Z118+Z134) -> 2.7790034 | AA141: =SUM(AA104+AA118+AA134) -> 1.0195091
V142: =SUM(V105+V119+V135) -> -2.1495924 | W142: =SUM(W105+W119+W135) -> -0.70402405 | X142: =SUM(X105+X119+X135) -> 0.33644415 | Y142: =SUM(Y105+Y119+Y135) -> -1.3261191 | Z142: =SUM(Z105+Z119+Z135) -> 1.0195091 | AA142: =SUM(AA105+AA119+AA135) -> 2.8237822

Sheet пример на стр 301 (частн произв
H1: X | I1: Y
A2: запишем производгые функции формы в локльных координатах | H2: 10 | I2: 10
H3: 20 | I3: 15
A4: подставляем значение точки в лок координтаъ | H4: 25 | I4: 30
H5: 8 | I5: 25
A6: находим мвтрицу J и обратную ей
A8: найдем значение произв a форм в лок точке
A10: ось | B10: координата т. интегр. | D10: производные функции формы dNi/dξ, dNi/dη | I10: матрица Якоби [J] | L10: {J]-1 | O10: det[J] | Q10: коэф | R10: det[J] *коэф
A11: ξ | B11: 0.5 | D11: =-(1-B12)/4 -> -0.125 | E11: =(1-B12)/4 -> 0.125 | F11: =(1+B12)/4 -> 0.375 | G11: =-(1+B12)/4 -> -0.375 | I11: {=MMULT(D11:G12,H2:I5)} -> 7.625 | J11: 2.5 | L11: {=MINVERSE(I11:J12)} -> 0.14117647 | M11: -0.047058824 | O11: =MDETERM(I11:J12) -> 53.125 | Q11: 1 | R11: =Q11*O11 -> 53.125
A12: η | B12: 0.5 | D12: =-(1-B11)/4 -> -0.125 | E12: =-(1+B11)/4 -> -0.375 | F12: =(1+B11)/4 -> 0.375 | G12: =(1-B11)/4 -> 0.125 | I12: 1.625 | J12: 7.5 | L12: -0.030588235 | M12: 0.14352941
D14: dNi/dξ, dNi/dη
D15: =(1-B12)*(2*B11+B12)/4 -> 0.1875
D16: =(1-B11)*(2*B12+B11)/4 -> 0.1875
F17: дельта
C18: dN1/dx | D18: {=MMULT(L11:M12,D15:D16)} -> 0.017647059 | E18: =15/850 -> 0.017647059 | F18: =D18-E18 -> 0
C19: dN1/dy | D19: 0.021176471 | E19: =18/850 -> 0.021176471 | F19: =D19-E19 -> 0

Sheet +NTNdetJ для пенты
A2: x | B2: y | C2: z
A3: ='!V пенты через якобиан'!B3 -> 0 | B3: ='!V пенты через якобиан'!C3 -> 0 | C3: ='!V пенты через якобиан'!D3 -> 0
A4: ='!V пенты через якобиан'!B4 -> 12 | B4: ='!V пенты через якобиан'!C4 -> 0 | C4: ='!V пенты через якобиан'!D4 -> 0
A5: ='!V пенты через якобиан'!B5 -> 0 | B5: ='!V пенты через якобиан'!C5 -> 10 | C5: ='!V пенты через якобиан'!D5 -> 0
A6: ='!V пенты через якобиан'!B6 -> 0 | B6: ='!V пенты через якобиан'!C6 -> 0 | C6: ='!V пенты через якобиан'!D6 -> 12
A7: ='!V пенты через якобиан'!B7 -> 10 | B7: ='!V пенты через якобиан'!C7 -> 0 | C7: ='!V пенты через якобиан'!D7 -> 10
A8: ='!V пенты через якобиан'!B8 -> 0 | B8: ='!V пенты через якобиан'!C8 -> 10 | C8: ='!V пенты через якобиан'!D8 -> 10
A19: одна точка интегрирования | K19: веса для треугольника на стр 280 Сегерлинда
A21: ось | B21: координата т. интегр. | D21: производные функции формы dNi/dξ, dNi/dη, dNi/dζ | K21: матрица Якоби [J] | O21: detJ | Q21: detJ* коэф
A22: ξ | B22: =1/3 -> 0.33333333 | D22: =-(1-B24)/2 -> -0.5 | E22: =(1-B24)/2 -> 0.5 | F22: 0 | G22: =-(1+B24)/2 -> -0.5 | H22: =(1+B24)/2 -> 0.5 | I22: 0 | K22: {=MMULT(D22:I24,A3:C8)} -> 11 | L22: 0 | M22: -1 | O22: =MDETERM(K22:M24) -> 583.33333 | Q22: =O22*2*0.5 -> 583.33333
A23: η | B23: =1/3 -> 0.33333333 | D23: =-(1-B24)/2 -> -0.5 | E23: 0 | F23: =(1-B24)/2 -> 0.5 | G23: =-(1+B24)/2 -> -0.5 | H23: 0 | I23: =(1+B24)/2 -> 0.5 | K23: 0 | L23: 10 | M23: -1
A24: ζ | B24: 0 | D24: =-0.5*(1-B22-B23) -> -0.16666667 | E24: =-0.5*B22 -> -0.16666667 | F24: =-0.5*B23 -> -0.16666667 | G24: =0.5*(1-B22-B23) -> 0.16666667 | H24: =0.5*B22 -> 0.16666667 | I24: =0.5*B23 -> 0.16666667 | K24: -0.33333333 | L24: 0 | M24: 5.3333333
D26: N1 | E26: N2 | F26: N3 | G26: N4 | H26: N5 | I26: N6 | K26: NT | M26: NT*N | T26: NT*N*detJ*коэф
D27: =(1-B22-B23)*(1-B24)/2 -> 0.16666667 | E27: =B22*(1-B24)/2 -> 0.16666667 | F27: =B23*(1-B24)/2 -> 0.16666667 | G27: =(1-B22-B23)*(1+B24)/2 -> 0.16666667 | H27: =B22*(1+B24)/2 -> 0.16666667 | I27: =B23*(1+B24)/2 -> 0.16666667 | K27: {=TRANSPOSE(D27:I27)} -> 0.16666667 | M27: {=MMULT(K27:K32,D27:I27)} -> 0.027777778 | N27: 0.027777778 | O27: 0.027777778 | P27: 0.027777778 | Q27: 0.027777778 | R27: 0.027777778 | T27: {=M27*$Q$22} -> 16.203704 | U27: =N27*$Q$22 -> 16.203704 | V27: =O27*$Q$22 -> 16.203704 | W27: =P27*$Q$22 -> 16.203704 | X27: =Q27*$Q$22 -> 16.203704 | Y27: =R27*$Q$22 -> 16.203704
K28: 0.16666667 | M28: 0.027777778 | N28: 0.027777778 | O28: 0.027777778 | P28: 0.027777778 | Q28: 0.027777778 | R28: 0.027777778 | T28: =M28*$Q$22 -> 16.203704 | U28: =N28*$Q$22 -> 16.203704 | V28: =O28*$Q$22 -> 16.203704 | W28: =P28*$Q$22 -> 16.203704 | X28: =Q28*$Q$22 -> 16.203704 | Y28: =R28*$Q$22 -> 16.203704
D29: =SUM(D27:I27) -> 1 | K29: 0.16666667 | M29: 0.027777778 | N29: 0.027777778 | O29: 0.027777778 | P29: 0.027777778 | Q29: 0.027777778 | R29: 0.027777778 | T29: =M29*$Q$22 -> 16.203704 | U29: =N29*$Q$22 -> 16.203704 | V29: =O29*$Q$22 -> 16.203704 | W29: =P29*$Q$22 -> 16.203704 | X29: =Q29*$Q$22 -> 16.203704 | Y29: =R29*$Q$22 -> 16.203704
K30: 0.16666667 | M30: 0.027777778 | N30: 0.027777778 | O30: 0.027777778 | P30: 0.027777778 | Q30: 0.027777778 | R30: 0.027777778 | T30: =M30*$Q$22 -> 16.203704 | U30: =N30*$Q$22 -> 16.203704 | V30: =O30*$Q$22 -> 16.203704 | W30: =P30*$Q$22 -> 16.203704 | X30: =Q30*$Q$22 -> 16.203704 | Y30: =R30*$Q$22 -> 16.203704
K31: 0.16666667 | M31: 0.027777778 | N31: 0.027777778 | O31: 0.027777778 | P31: 0.027777778 | Q31: 0.027777778 | R31: 0.027777778 | T31: =M31*$Q$22 -> 16.203704 | U31: =N31*$Q$22 -> 16.203704 | V31: =O31*$Q$22 -> 16.203704 | W31: =P31*$Q$22 -> 16.203704 | X31: =Q31*$Q$22 -> 16.203704 | Y31: =R31*$Q$22 -> 16.203704
K32: 0.16666667 | M32: 0.027777778 | N32: 0.027777778 | O32: 0.027777778 | P32: 0.027777778 | Q32: 0.027777778 | R32: 0.027777778 | T32: =M32*$Q$22 -> 16.203704 | U32: =N32*$Q$22 -> 16.203704 | V32: =O32*$Q$22 -> 16.203704 | W32: =P32*$Q$22 -> 16.203704 | X32: =Q32*$Q$22 -> 16.203704 | Y32: =R32*$Q$22 -> 16.203704
A34: две точки интегрирвания
A36: ось | B36: координата т. интегр. | D36: производные функции формы dNi/dξ, dNi/dη, dNi/dζ | K36: матрица Якоби [J] | O36: detJ | Q36: detJ* коэф
A37: ξ | B37: =1/3 -> 0.33333333 | D37: =-(1-B39)/2 -> -0.2113 | E37: =(1-B39)/2 -> 0.2113 | F37: 0 | G37: =-(1+B39)/2 -> -0.7887 | H37: =(1+B39)/2 -> 0.7887 | I37: 0 | K37: {=MMULT(D37:I39,A3:C8)} -> 10.4226 | L37: 0 | M37: -1.5774 | O37: =MDETERM(K37:M39) -> 550.614 | Q37: =O37*0.5*1 -> 275.307
A38: η | B38: =1/3 -> 0.33333333 | D38: =-(1-B39)/2 -> -0.2113 | E38: 0 | F38: =(1-B39)/2 -> 0.2113 | G38: =-(1+B39)/2 -> -0.7887 | H38: 0 | I38: =(1+B39)/2 -> 0.7887 | K38: 0 | L38: 10 | M38: -1.5774
A39: ζ | B39: 0.5774 | D39: =-0.5*(1-B37-B38) -> -0.16666667 | E39: =-0.5*B37 -> -0.16666667 | F39: =-0.5*B38 -> -0.16666667 | G39: =0.5*(1-B37-B38) -> 0.16666667 | H39: =0.5*B37 -> 0.16666667 | I39: =0.5*B38 -> 0.16666667 | K39: -0.33333333 | L39: 0 | M39: 5.3333333
D41: N1 | E41: N2 | F41: N3 | G41: N4 | H41: N5 | I41: N6 | K41: NT | M41: NT*N | T41: NT*N*detJ*коэф
D42: =(1-B37-B38)*(1-B39)/2 -> 0.070433333 | E42: =B37*(1-B39)/2 -> 0.070433333 | F42: =B38*(1-B39)/2 -> 0.070433333 | G42: =(1-B37-B38)*(1+B39)/2 -> 0.2629 | H42: =B37*(1+B39)/2 -> 0.2629 | I42: =B38*(1+B39)/2 -> 0.2629 | K42: {=TRANSPOSE(D42:I42)} -> 0.070433333 | M42: {=MMULT(K42:K47,D42:I42)} -> 0.0049608544 | N42: 0.0049608544 | O42: 0.0049608544 | P42: 0.018516923 | Q42: 0.018516923 | R42: 0.018516923 | T42: =M42*$Q$37 -> 1.365758 | U42: =N42*$Q$37 -> 1.365758 | V42: =O42*$Q$37 -> 1.365758 | W42: =P42*$Q$37 -> 5.0978386 | X42: =Q42*$Q$37 -> 5.0978386 | Y42: =R42*$Q$37 -> 5.0978386
K43: 0.070433333 | M43: 0.0049608544 | N43: 0.0049608544 | O43: 0.0049608544 | P43: 0.018516923 | Q43: 0.018516923 | R43: 0.018516923 | T43: =M43*$Q$37 -> 1.365758 | U43: =N43*$Q$37 -> 1.365758 | V43: =O43*$Q$37 -> 1.365758 | W43: =P43*$Q$37 -> 5.0978386 | X43: =Q43*$Q$37 -> 5.0978386 | Y43: =R43*$Q$37 -> 5.0978386
D44: =SUM(D42:I42) -> 1 | K44: 0.070433333 | M44: 0.0049608544 | N44: 0.0049608544 | O44: 0.0049608544 | P44: 0.018516923 | Q44: 0.018516923 | R44: 0.018516923 | T44: =M44*$Q$37 -> 1.365758 | U44: =N44*$Q$37 -> 1.365758 | V44: =O44*$Q$37 -> 1.365758 | W44: =P44*$Q$37 -> 5.0978386 | X44: =Q44*$Q$37 -> 5.0978386 | Y44: =R44*$Q$37 -> 5.0978386
K45: 0.2629 | M45: 0.018516923 | N45: 0.018516923 | O45: 0.018516923 | P45: 0.06911641 | Q45: 0.06911641 | R45: 0.06911641 | T45: =M45*$Q$37 -> 5.0978386 | U45: =N45*$Q$37 -> 5.0978386 | V45: =O45*$Q$37 -> 5.0978386 | W45: =P45*$Q$37 -> 19.028231 | X45: =Q45*$Q$37 -> 19.028231 | Y45: =R45*$Q$37 -> 19.028231
K46: 0.2629 | M46: 0.018516923 | N46: 0.018516923 | O46: 0.018516923 | P46: 0.06911641 | Q46: 0.06911641 | R46: 0.06911641 | T46: =M46*$Q$37 -> 5.0978386 | U46: =N46*$Q$37 -> 5.0978386 | V46: =O46*$Q$37 -> 5.0978386 | W46: =P46*$Q$37 -> 19.028231 | X46: =Q46*$Q$37 -> 19.028231 | Y46: =R46*$Q$37 -> 19.028231
K47: 0.2629 | M47: 0.018516923 | N47: 0.018516923 | O47: 0.018516923 | P47: 0.06911641 | Q47: 0.06911641 | R47: 0.06911641 | T47: =M47*$Q$37 -> 5.0978386 | U47: =N47*$Q$37 -> 5.0978386 | V47: =O47*$Q$37 -> 5.0978386 | W47: =P47*$Q$37 -> 19.028231 | X47: =Q47*$Q$37 -> 19.028231 | Y47: =R47*$Q$37 -> 19.028231
A50: ось | B50: координата т. интегр. | D50: производные функции формы dNi/dξ, dNi/dη, dNi/dζ | K50: матрица Якоби [J] | O50: detJ | Q50: detJ* коэф
A51: ξ | B51: =1/3 -> 0.33333333 | D51: =-(1-B53)/2 -> -0.7887 | E51: =(1-B53)/2 -> 0.7887 | F51: 0 | G51: =-(1+B53)/2 -> -0.2113 | H51: =(1+B53)/2 -> 0.2113 | I51: 0 | K51: {=MMULT(D51:I53,A3:C8)} -> 11.5774 | L51: 0 | M51: -0.4226 | O51: =MDETERM(K51:M53) -> 616.05267 | Q51: =O51*0.5*1 -> 308.02633
A52: η | B52: =1/3 -> 0.33333333 | D52: =-(1-B53)/2 -> -0.7887 | E52: 0 | F52: =(1-B53)/2 -> 0.7887 | G52: =-(1+B53)/2 -> -0.2113 | H52: 0 | I52: =(1+B53)/2 -> 0.2113 | K52: 0 | L52: 10 | M52: -0.4226
A53: ζ | B53: -0.5774 | D53: =-0.5*(1-B51-B52) -> -0.16666667 | E53: =-0.5*B51 -> -0.16666667 | F53: =-0.5*B52 -> -0.16666667 | G53: =0.5*(1-B51-B52) -> 0.16666667 | H53: =0.5*B51 -> 0.16666667 | I53: =0.5*B52 -> 0.16666667 | K53: -0.33333333 | L53: 0 | M53: 5.3333333
D55: N1 | E55: N2 | F55: N3 | G55: N4 | H55: N5 | I55: N6 | K55: NT | M55: NT*N | T55: NT*N*detJ*коэф
D56: =(1-B51-B52)*(1-B53)/2 -> 0.2629 | E56: =B51*(1-B53)/2 -> 0.2629 | F56: =B52*(1-B53)/2 -> 0.2629 | G56: =(1-B51-B52)*(1+B53)/2 -> 0.070433333 | H56: =B51*(1+B53)/2 -> 0.070433333 | I56: =B52*(1+B53)/2 -> 0.070433333 | K56: {=TRANSPOSE(D56:I56)} -> 0.2629 | M56: {=MMULT(K56:K61,D56:I56)} -> 0.06911641 | N56: 0.06911641 | O56: 0.06911641 | P56: 0.018516923 | Q56: 0.018516923 | R56: 0.018516923 | T56: =M56*$Q$51 -> 21.289674 | U56: =N56*$Q$51 -> 21.289674 | V56: =O56*$Q$51 -> 21.289674 | W56: =P56*$Q$51 -> 5.7037 | X56: =Q56*$Q$51 -> 5.7037 | Y56: =R56*$Q$51 -> 5.7037
K57: 0.2629 | M57: 0.06911641 | N57: 0.06911641 | O57: 0.06911641 | P57: 0.018516923 | Q57: 0.018516923 | R57: 0.018516923 | T57: =M57*$Q$51 -> 21.289674 | U57: =N57*$Q$51 -> 21.289674 | V57: =O57*$Q$51 -> 21.289674 | W57: =P57*$Q$51 -> 5.7037 | X57: =Q57*$Q$51 -> 5.7037 | Y57: =R57*$Q$51 -> 5.7037
K58: 0.2629 | M58: 0.06911641 | N58: 0.06911641 | O58: 0.06911641 | P58: 0.018516923 | Q58: 0.018516923 | R58: 0.018516923 | T58: =M58*$Q$51 -> 21.289674 | U58: =N58*$Q$51 -> 21.289674 | V58: =O58*$Q$51 -> 21.289674 | W58: =P58*$Q$51 -> 5.7037 | X58: =Q58*$Q$51 -> 5.7037 | Y58: =R58*$Q$51 -> 5.7037
D59: =SUM(D56:I56) -> 1 | K59: 0.070433333 | M59: 0.018516923 | N59: 0.018516923 | O59: 0.018516923 | P59: 0.0049608544 | Q59: 0.0049608544 | R59: 0.0049608544 | T59: =M59*$Q$51 -> 5.7037 | U59: =N59*$Q$51 -> 5.7037 | V59: =O59*$Q$51 -> 5.7037 | W59: =P59*$Q$51 -> 1.5280738 | X59: =Q59*$Q$51 -> 1.5280738 | Y59: =R59*$Q$51 -> 1.5280738
K60: 0.070433333 | M60: 0.018516923 | N60: 0.018516923 | O60: 0.018516923 | P60: 0.0049608544 | Q60: 0.0049608544 | R60: 0.0049608544 | T60: =M60*$Q$51 -> 5.7037 | U60: =N60*$Q$51 -> 5.7037 | V60: =O60*$Q$51 -> 5.7037 | W60: =P60*$Q$51 -> 1.5280738 | X60: =Q60*$Q$51 -> 1.5280738 | Y60: =R60*$Q$51 -> 1.5280738
K61: 0.070433333 | M61: 0.018516923 | N61: 0.018516923 | O61: 0.018516923 | P61: 0.0049608544 | Q61: 0.0049608544 | R61: 0.0049608544 | T61: =M61*$Q$51 -> 5.7037 | U61: =N61*$Q$51 -> 5.7037 | V61: =O61*$Q$51 -> 5.7037 | W61: =P61*$Q$51 -> 1.5280738 | X61: =Q61*$Q$51 -> 1.5280738 | Y61: =R61*$Q$51 -> 1.5280738
S64: сумм | U64: =U42+U56 -> 22.655432 | V64: =V42+V56 -> 22.655432 | W64: =W42+W56 -> 10.801539 | X64: =X42+X56 -> 10.801539 | Y64: =Y42+Y56 -> 10.801539
T65: =T43+T57 -> 22.655432 | U65: =U43+U57 -> 22.655432 | V65: =V43+V57 -> 22.655432 | W65: =W43+W57 -> 10.801539 | X65: =X43+X57 -> 10.801539 | Y65: =Y43+Y57 -> 10.801539
T66: =T44+T58 -> 22.655432 | U66: =U44+U58 -> 22.655432 | V66: =V44+V58 -> 22.655432 | W66: =W44+W58 -> 10.801539 | X66: =X44+X58 -> 10.801539 | Y66: =Y44+Y58 -> 10.801539
T67: =T45+T59 -> 10.801539 | U67: =U45+U59 -> 10.801539 | V67: =V45+V59 -> 10.801539 | W67: =W45+W59 -> 20.556305 | X67: =X45+X59 -> 20.556305 | Y67: =Y45+Y59 -> 20.556305
T68: =T46+T60 -> 10.801539 | U68: =U46+U60 -> 10.801539 | V68: =V46+V60 -> 10.801539 | W68: =W46+W60 -> 20.556305 | X68: =X46+X60 -> 20.556305 | Y68: =Y46+Y60 -> 20.556305
T69: =T47+T61 -> 10.801539 | U69: =U47+U61 -> 10.801539 | V69: =V47+V61 -> 10.801539 | W69: =W47+W61 -> 20.556305 | X69: =X47+X61 -> 20.556305 | Y69: =Y47+Y61 -> 20.556305
T71: =SUM(T64:T69) -> 77.71548
A73: шесть точек интегрирования | D73: стр 280 с весами
A74: 1 точка | Q74: =Q76+Q90+Q104+Q118+Q132+Q146 -> 583.33333
A75: ось | B75: координата т. интегр. | D75: производные функции формы dNi/dξ, dNi/dη, dNi/dζ | K75: матрица Якоби [J] | O75: detJ | Q75: detJ* коэф
A76: ξ | B76: =1/2 -> 0.5 | D76: =-(1-B78)/2 -> -0.2113 | E76: =(1-B78)/2 -> 0.2113 | F76: 0 | G76: =-(1+B78)/2 -> -0.7887 | H76: =(1+B78)/2 -> 0.7887 | I76: 0 | K76: {=MMULT(D76:I78,$A$3:$C$8)} -> 10.4226 | L76: 0 | M76: -1.5774 | O76: =MDETERM(K76:M78) -> 565.356 | Q76: =O76*1*1/6 -> 94.226
A77: η | B77: 0 | D77: =-(1-B78)/2 -> -0.2113 | E77: 0 | F77: =(1-B78)/2 -> 0.2113 | G77: =-(1+B78)/2 -> -0.7887 | H77: 0 | I77: =(1+B78)/2 -> 0.7887 | K77: 0 | L77: 10 | M77: -1.5774
A78: ζ | B78: 0.5774 | D78: =-0.5*(1-B76-B77) -> -0.25 | E78: =-0.5*B76 -> -0.25 | F78: =-0.5*B77 -> 0 | G78: =0.5*(1-B76-B77) -> 0.25 | H78: =0.5*B76 -> 0.25 | I78: =0.5*B77 -> 0 | K78: -0.5 | L78: 0 | M78: 5.5
D80: N1 | E80: N2 | F80: N3 | G80: N4 | H80: N5 | I80: N6 | K80: NT | M80: NT*N | T80: NT*N*detJ*коэф
D81: =(1-B76-B77)*(1-B78)/2 -> 0.10565 | E81: =B76*(1-B78)/2 -> 0.10565 | F81: =B77*(1-B78)/2 -> 0 | G81: =(1-B76-B77)*(1+B78)/2 -> 0.39435 | H81: =B76*(1+B78)/2 -> 0.39435 | I81: =B77*(1+B78)/2 -> 0 | K81: {=TRANSPOSE(D81:I81)} -> 0.10565 | M81: {=MMULT(K81:K86,D81:I81)} -> 0.011161922 | N81: 0.011161922 | O81: 0 | P81: 0.041663077 | Q81: 0.041663077 | R81: 0 | T81: =M81*$Q$76 -> 1.0517433 | U81: =N81*$Q$76 -> 1.0517433 | V81: =O81*$Q$76 -> 0 | W81: =P81*$Q$76 -> 3.9257451 | X81: =Q81*$Q$76 -> 3.9257451 | Y81: =R81*$Q$76 -> 0
K82: 0.10565 | M82: 0.011161922 | N82: 0.011161922 | O82: 0 | P82: 0.041663077 | Q82: 0.041663077 | R82: 0 | T82: =M82*$Q$76 -> 1.0517433 | U82: =N82*$Q$76 -> 1.0517433 | V82: =O82*$Q$76 -> 0 | W82: =P82*$Q$76 -> 3.9257451 | X82: =Q82*$Q$76 -> 3.9257451 | Y82: =R82*$Q$76 -> 0
D83: =SUM(D81:I81) -> 1 | K83: 0 | M83: 0 | N83: 0 | O83: 0 | P83: 0 | Q83: 0 | R83: 0 | T83: =M83*$Q$76 -> 0 | U83: =N83*$Q$76 -> 0 | V83: =O83*$Q$76 -> 0 | W83: =P83*$Q$76 -> 0 | X83: =Q83*$Q$76 -> 0 | Y83: =R83*$Q$76 -> 0
K84: 0.39435 | M84: 0.041663077 | N84: 0.041663077 | O84: 0 | P84: 0.15551192 | Q84: 0.15551192 | R84: 0 | T84: =M84*$Q$76 -> 3.9257451 | U84: =N84*$Q$76 -> 3.9257451 | V84: =O84*$Q$76 -> 0 | W84: =P84*$Q$76 -> 14.653266 | X84: =Q84*$Q$76 -> 14.653266 | Y84: =R84*$Q$76 -> 0
K85: 0.39435 | M85: 0.041663077 | N85: 0.041663077 | O85: 0 | P85: 0.15551192 | Q85: 0.15551192 | R85: 0 | T85: =M85*$Q$76 -> 3.9257451 | U85: =N85*$Q$76 -> 3.9257451 | V85: =O85*$Q$76 -> 0 | W85: =P85*$Q$76 -> 14.653266 | X85: =Q85*$Q$76 -> 14.653266 | Y85: =R85*$Q$76 -> 0
K86: 0 | M86: 0 | N86: 0 | O86: 0 | P86: 0 | Q86: 0 | R86: 0 | T86: =M86*$Q$76 -> 0 | U86: =N86*$Q$76 -> 0 | V86: =O86*$Q$76 -> 0 | W86: =P86*$Q$76 -> 0 | X86: =Q86*$Q$76 -> 0 | Y86: =R86*$Q$76 -> 0
A88: 2 точка
A89: ось | B89: координата т. интегр. | D89: производные функции формы dNi/dξ, dNi/dη, dNi/dζ | K89: матрица Якоби [J] | O89: detJ | Q89: detJ* коэф
A90: ξ | B90: 0 | D90: =-(1-B92)/2 -> -0.2113 | E90: =(1-B92)/2 -> 0.2113 | F90: 0 | G90: =-(1+B92)/2 -> -0.7887 | H90: =(1+B92)/2 -> 0.7887 | I90: 0 | K90: {=MMULT(D90:I92,$A$3:$C$8)} -> 10.4226 | L90: 0 | M90: -1.5774 | O90: =MDETERM(K90:M92) -> 573.243 | Q90: =O90*1*1/6 -> 95.5405
A91: η | B91: =1/2 -> 0.5 | D91: =-(1-B92)/2 -> -0.2113 | E91: 0 | F91: =(1-B92)/2 -> 0.2113 | G91: =-(1+B92)/2 -> -0.7887 | H91: 0 | I91: =(1+B92)/2 -> 0.7887 | K91: 0 | L91: 10 | M91: -1.5774
A92: ζ | B92: 0.5774 | D92: =-0.5*(1-B90-B91) -> -0.25 | E92: =-0.5*B90 -> 0 | F92: =-0.5*B91 -> -0.25 | G92: =0.5*(1-B90-B91) -> 0.25 | H92: =0.5*B90 -> 0 | I92: =0.5*B91 -> 0.25 | K92: 0 | L92: 0 | M92: 5.5
D94: N1 | E94: N2 | F94: N3 | G94: N4 | H94: N5 | I94: N6 | K94: NT | M94: NT*N | T94: NT*N*detJ*коэф
D95: =(1-B90-B91)*(1-B92)/2 -> 0.10565 | E95: =B90*(1-B92)/2 -> 0 | F95: =B91*(1-B92)/2 -> 0.10565 | G95: =(1-B90-B91)*(1+B92)/2 -> 0.39435 | H95: =B90*(1+B92)/2 -> 0 | I95: =B91*(1+B92)/2 -> 0.39435 | K95: {=TRANSPOSE(D95:I95)} -> 0.10565 | M95: {=MMULT(K95:K100,D95:I95)} -> 0.011161922 | N95: 0 | O95: 0.011161922 | P95: 0.041663077 | Q95: 0 | R95: 0.041663077 | T95: =M95*$Q$90 -> 1.0664157 | U95: =N95*$Q$90 -> 0 | V95: =O95*$Q$90 -> 1.0664157 | W95: =P95*$Q$90 -> 3.9805113 | X95: =Q95*$Q$90 -> 0 | Y95: =R95*$Q$90 -> 3.9805113
K96: 0 | M96: 0 | N96: 0 | O96: 0 | P96: 0 | Q96: 0 | R96: 0 | T96: =M96*$Q$90 -> 0 | U96: =N96*$Q$90 -> 0 | V96: =O96*$Q$90 -> 0 | W96: =P96*$Q$90 -> 0 | X96: =Q96*$Q$90 -> 0 | Y96: =R96*$Q$90 -> 0
D97: =SUM(D95:I95) -> 1 | K97: 0.10565 | M97: 0.011161922 | N97: 0 | O97: 0.011161922 | P97: 0.041663077 | Q97: 0 | R97: 0.041663077 | T97: =M97*$Q$90 -> 1.0664157 | U97: =N97*$Q$90 -> 0 | V97: =O97*$Q$90 -> 1.0664157 | W97: =P97*$Q$90 -> 3.9805113 | X97: =Q97*$Q$90 -> 0 | Y97: =R97*$Q$90 -> 3.9805113
K98: 0.39435 | M98: 0.041663077 | N98: 0 | O98: 0.041663077 | P98: 0.15551192 | Q98: 0 | R98: 0.15551192 | T98: =M98*$Q$90 -> 3.9805113 | U98: =N98*$Q$90 -> 0 | V98: =O98*$Q$90 -> 3.9805113 | W98: =P98*$Q$90 -> 14.857687 | X98: =Q98*$Q$90 -> 0 | Y98: =R98*$Q$90 -> 14.857687
K99: 0 | M99: 0 | N99: 0 | O99: 0 | P99: 0 | Q99: 0 | R99: 0 | T99: =M99*$Q$90 -> 0 | U99: =N99*$Q$90 -> 0 | V99: =O99*$Q$90 -> 0 | W99: =P99*$Q$90 -> 0 | X99: =Q99*$Q$90 -> 0 | Y99: =R99*$Q$90 -> 0
K100: 0.39435 | M100: 0.041663077 | N100: 0 | O100: 0.041663077 | P100: 0.15551192 | Q100: 0 | R100: 0.15551192 | T100: =M100*$Q$90 -> 3.9805113 | U100: =N100*$Q$90 -> 0 | V100: =O100*$Q$90 -> 3.9805113 | W100: =P100*$Q$90 -> 14.857687 | X100: =Q100*$Q$90 -> 0 | Y100: =R100*$Q$90 -> 14.857687
A102: 3 точка
A103: ось | B103: координата т. интегр. | D103: производные функции формы dNi/dξ, dNi/dη, dNi/dζ | K103: матрица Якоби [J] | O103: detJ | Q103: detJ* коэф
A104: ξ | B104: 0.5 | D104: =-(1-B106)/2 -> -0.2113 | E104: =(1-B106)/2 -> 0.2113 | F104: 0 | G104: =-(1+B106)/2 -> -0.7887 | H104: =(1+B106)/2 -> 0.7887 | I104: 0 | K104: {=MMULT(D104:I106,$A$3:$C$8)} -> 10.4226 | L104: 0 | M104: -1.5774 | O104: =MDETERM(K104:M106) -> 513.243 | Q104: =O104/6 -> 85.5405
A105: η | B105: 0.5 | D105: =-(1-B106)/2 -> -0.2113 | E105: 0 | F105: =(1-B106)/2 -> 0.2113 | G105: =-(1+B106)/2 -> -0.7887 | H105: 0 | I105: =(1+B106)/2 -> 0.7887 | K105: 0 | L105: 10 | M105: -1.5774
A106: ζ | B106: 0.5774 | D106: =-0.5*(1-B104-B105) -> 0 | E106: =-0.5*B104 -> -0.25 | F106: =-0.5*B105 -> -0.25 | G106: =0.5*(1-B104-B105) -> 0 | H106: =0.5*B104 -> 0.25 | I106: =0.5*B105 -> 0.25 | K106: -0.5 | L106: 0 | M106: 5
D108: N1 | E108: N2 | F108: N3 | G108: N4 | H108: N5 | I108: N6 | K108: NT | M108: NT*N | T108: NT*N*detJ*коэф
D109: =(1-B104-B105)*(1-B106)/2 -> 0 | E109: =B104*(1-B106)/2 -> 0.10565 | F109: =B105*(1-B106)/2 -> 0.10565 | G109: =(1-B104-B105)*(1+B106)/2 -> 0 | H109: =B104*(1+B106)/2 -> 0.39435 | I109: =B105*(1+B106)/2 -> 0.39435 | K109: {=TRANSPOSE(D109:I109)} -> 0 | M109: {=MMULT(K109:K114,D109:I109)} -> 0 | N109: 0 | O109: 0 | P109: 0 | Q109: 0 | R109: 0 | T109: =M109*$Q$104 -> 0 | U109: =N109*$Q$104 -> 0 | V109: =O109*$Q$104 -> 0 | W109: =P109*$Q$104 -> 0 | X109: =Q109*$Q$104 -> 0 | Y109: =R109*$Q$104 -> 0
K110: 0.10565 | M110: 0 | N110: 0.011161922 | O110: 0.011161922 | P110: 0 | Q110: 0.041663077 | R110: 0.041663077 | T110: =M110*$Q$104 -> 0 | U110: =N110*$Q$104 -> 0.95479643 | V110: =O110*$Q$104 -> 0.95479643 | W110: =P110*$Q$104 -> 0 | X110: =Q110*$Q$104 -> 3.5638805 | Y110: =R110*$Q$104 -> 3.5638805
D111: =SUM(D109:I109) -> 1 | K111: 0.10565 | M111: 0 | N111: 0.011161922 | O111: 0.011161922 | P111: 0 | Q111: 0.041663077 | R111: 0.041663077 | T111: =M111*$Q$104 -> 0 | U111: =N111*$Q$104 -> 0.95479643 | V111: =O111*$Q$104 -> 0.95479643 | W111: =P111*$Q$104 -> 0 | X111: =Q111*$Q$104 -> 3.5638805 | Y111: =R111*$Q$104 -> 3.5638805
K112: 0 | M112: 0 | N112: 0 | O112: 0 | P112: 0 | Q112: 0 | R112: 0 | T112: =M112*$Q$104 -> 0 | U112: =N112*$Q$104 -> 0 | V112: =O112*$Q$104 -> 0 | W112: =P112*$Q$104 -> 0 | X112: =Q112*$Q$104 -> 0 | Y112: =R112*$Q$104 -> 0
K113: 0.39435 | M113: 0 | N113: 0.041663077 | O113: 0.041663077 | P113: 0 | Q113: 0.15551192 | R113: 0.15551192 | T113: =M113*$Q$104 -> 0 | U113: =N113*$Q$104 -> 3.5638805 | V113: =O113*$Q$104 -> 3.5638805 | W113: =P113*$Q$104 -> 0 | X113: =Q113*$Q$104 -> 13.302568 | Y113: =R113*$Q$104 -> 13.302568
K114: 0.39435 | M114: 0 | N114: 0.041663077 | O114: 0.041663077 | P114: 0 | Q114: 0.15551192 | R114: 0.15551192 | T114: =M114*$Q$104 -> 0 | U114: =N114*$Q$104 -> 3.5638805 | V114: =O114*$Q$104 -> 3.5638805 | W114: =P114*$Q$104 -> 0 | X114: =Q114*$Q$104 -> 13.302568 | Y114: =R114*$Q$104 -> 13.302568
A116: 4 точка
A117: ось | B117: координата т. интегр. | D117: производные функции формы dNi/dξ, dNi/dη, dNi/dζ | K117: матрица Якоби [J] | O117: detJ | Q117: detJ* коэф
A118: ξ | B118: =1/2 -> 0.5 | D118: =-(1-B120)/2 -> -0.7887 | E118: =(1-B120)/2 -> 0.7887 | F118: 0 | G118: =-(1+B120)/2 -> -0.2113 | H118: =(1+B120)/2 -> 0.2113 | I118: 0 | K118: {=MMULT(D118:I120,$A$3:$C$8)} -> 11.5774 | L118: 0 | M118: -0.4226 | O118: =MDETERM(K118:M120) -> 634.644 | Q118: =O118/6 -> 105.774
A119: η | B119: 0 | D119: =-(1-B120)/2 -> -0.7887 | E119: 0 | F119: =(1-B120)/2 -> 0.7887 | G119: =-(1+B120)/2 -> -0.2113 | H119: 0 | I119: =(1+B120)/2 -> 0.2113 | K119: 0 | L119: 10 | M119: -0.4226
A120: ζ | B120: -0.5774 | D120: =-0.5*(1-B118-B119) -> -0.25 | E120: =-0.5*B118 -> -0.25 | F120: =-0.5*B119 -> 0 | G120: =0.5*(1-B118-B119) -> 0.25 | H120: =0.5*B118 -> 0.25 | I120: =0.5*B119 -> 0 | K120: -0.5 | L120: 0 | M120: 5.5
D122: N1 | E122: N2 | F122: N3 | G122: N4 | H122: N5 | I122: N6 | K122: NT | M122: NT*N | T122: NT*N*detJ*коэф
D123: =(1-B118-B119)*(1-B120)/2 -> 0.39435 | E123: =B118*(1-B120)/2 -> 0.39435 | F123: =B119*(1-B120)/2 -> 0 | G123: =(1-B118-B119)*(1+B120)/2 -> 0.10565 | H123: =B118*(1+B120)/2 -> 0.10565 | I123: =B119*(1+B120)/2 -> 0 | K123: {=TRANSPOSE(D123:I123)} -> 0.39435 | M123: {=MMULT(K123:K128,D123:I123)} -> 0.15551192 | N123: 0.15551192 | O123: 0 | P123: 0.041663077 | Q123: 0.041663077 | R123: 0 | T123: =M123*$Q$118 -> 16.449118 | U123: =N123*$Q$118 -> 16.449118 | V123: =O123*$Q$118 -> 0 | W123: =P123*$Q$118 -> 4.4068704 | X123: =Q123*$Q$118 -> 4.4068704 | Y123: =R123*$Q$118 -> 0
K124: 0.39435 | M124: 0.15551192 | N124: 0.15551192 | O124: 0 | P124: 0.041663077 | Q124: 0.041663077 | R124: 0 | T124: =M124*$Q$118 -> 16.449118 | U124: =N124*$Q$118 -> 16.449118 | V124: =O124*$Q$118 -> 0 | W124: =P124*$Q$118 -> 4.4068704 | X124: =Q124*$Q$118 -> 4.4068704 | Y124: =R124*$Q$118 -> 0
D125: =SUM(D123:I123) -> 1 | K125: 0 | M125: 0 | N125: 0 | O125: 0 | P125: 0 | Q125: 0 | R125: 0 | T125: =M125*$Q$118 -> 0 | U125: =N125*$Q$118 -> 0 | V125: =O125*$Q$118 -> 0 | W125: =P125*$Q$118 -> 0 | X125: =Q125*$Q$118 -> 0 | Y125: =R125*$Q$118 -> 0
K126: 0.10565 | M126: 0.041663077 | N126: 0.041663077 | O126: 0 | P126: 0.011161922 | Q126: 0.011161922 | R126: 0 | T126: =M126*$Q$118 -> 4.4068704 | U126: =N126*$Q$118 -> 4.4068704 | V126: =O126*$Q$118 -> 0 | W126: =P126*$Q$118 -> 1.1806412 | X126: =Q126*$Q$118 -> 1.1806412 | Y126: =R126*$Q$118 -> 0
K127: 0.10565 | M127: 0.041663077 | N127: 0.041663077 | O127: 0 | P127: 0.011161922 | Q127: 0.011161922 | R127: 0 | T127: =M127*$Q$118 -> 4.4068704 | U127: =N127*$Q$118 -> 4.4068704 | V127: =O127*$Q$118 -> 0 | W127: =P127*$Q$118 -> 1.1806412 | X127: =Q127*$Q$118 -> 1.1806412 | Y127: =R127*$Q$118 -> 0
K128: 0 | M128: 0 | N128: 0 | O128: 0 | P128: 0 | Q128: 0 | R128: 0 | T128: =M128*$Q$118 -> 0 | U128: =N128*$Q$118 -> 0 | V128: =O128*$Q$118 -> 0 | W128: =P128*$Q$118 -> 0 | X128: =Q128*$Q$118 -> 0 | Y128: =R128*$Q$118 -> 0
A130: 5 точка
A131: ось | B131: координата т. интегр. | D131: производные функции формы dNi/dξ, dNi/dη, dNi/dζ | K131: матрица Якоби [J] | O131: detJ | Q131: detJ* коэф
...

Sheet +NTNdetJ для гексы
B3: x | C3: y | D3: z | F3: коэф | H3: точки интегрирования
A4: 1 | B4: ='+!V гексы через якобиан'!B3 -> 0 | C4: ='+!V гексы через якобиан'!C3 -> 0 | D4: ='+!V гексы через якобиан'!D3 -> 0 | F4: =1/8 -> 0.125 | H4: 0.57735
A5: 2 | B5: ='+!V гексы через якобиан'!B4 -> 12 | C5: ='+!V гексы через якобиан'!C4 -> 0 | D5: ='+!V гексы через якобиан'!D4 -> 0 | H5: =-H4 -> -0.57735
A6: 3 | B6: ='+!V гексы через якобиан'!B5 -> 10 | C6: ='+!V гексы через якобиан'!C5 -> 10 | D6: ='+!V гексы через якобиан'!D5 -> 0
A7: 4 | B7: ='+!V гексы через якобиан'!B6 -> 0 | C7: ='+!V гексы через якобиан'!C6 -> 10 | D7: ='+!V гексы через якобиан'!D6 -> 0
A8: 5 | B8: ='+!V гексы через якобиан'!B7 -> 0 | C8: ='+!V гексы через якобиан'!C7 -> 0 | D8: ='+!V гексы через якобиан'!D7 -> 12
A9: 6 | B9: ='+!V гексы через якобиан'!B8 -> 10 | C9: ='+!V гексы через якобиан'!C8 -> 0 | D9: ='+!V гексы через якобиан'!D8 -> 10
A10: 7 | B10: ='+!V гексы через якобиан'!B9 -> 10 | C10: ='+!V гексы через якобиан'!C9 -> 10 | D10: ='+!V гексы через якобиан'!D9 -> 7
A11: 8 | B11: ='+!V гексы через якобиан'!B10 -> 0 | C11: ='+!V гексы через якобиан'!C10 -> 10 | D11: ='+!V гексы через якобиан'!D10 -> 10
W13: =W15+W30+W45+W60+W75+W90+W105+W120 -> 1020
A14: слагаемые | B14: ось | C14: координата т. интегр. | E14: производные функции формы | N14: матрица Якоби (без коэффициента 1/8) | R14: матрица Якоби | V14: det[J] | W14: det[J]* коэф | X14: коэф2
A15: 1 | B15: ξ | C15: 0.57735 | E15: =-(1-C16)*(1-C17) -> -0.17863302 | F15: =(1-C16)*(1-C17) -> 0.17863302 | G15: =(1+C16)*(1-C17) -> 0.66666698 | H15: =-(1+C16)*(1-C17) -> -0.66666698 | I15: =-(1-C16)*(1+C17) -> -0.66666698 | J15: =(1-C16)*(1+C17) -> 0.66666698 | K15: =(1+C16)*(1+C17) -> 2.488033 | L15: =-(1+C16)*(1+C17) -> -2.488033 | N15: {=MMULT(E15:L17,$B$4:$D$11)} -> 40.357266 | O15: 0 | P15: -8.797433 | R15: =$F$4*N15 -> 5.0446583 | S15: =$F$4*O15 -> 0 | T15: =$F$4*P15 -> -1.0996791 | V15: =MDETERM(R15:T17) -> 102.79284 | W15: =V15*X15 -> 102.79284 | X15: 1
B16: η | C16: 0.57735 | E16: =-(1-C15)*(1-C17) -> -0.17863302 | F16: =-(1+C15)*(1-C17) -> -0.66666698 | G16: =(1+C15)*(1-C17) -> 0.66666698 | H16: =(1-C15)*(1-C17) -> 0.17863302 | I16: =-(1-C15)*(1+C17) -> -0.66666698 | J16: =-(1+C15)*(1+C17) -> -2.488033 | K16: =(1+C15)*(1+C17) -> 2.488033 | L16: =(1-C15)*(1+C17) -> 0.66666698 | N16: -1.333334 | O16: 40 | P16: -8.797433 | R16: =$F$4*N16 -> -0.16666674 | S16: =$F$4*O16 -> 5 | T16: =$F$4*P16 -> -1.0996791
B17: ζ | C17: 0.57735 | E17: =-(1-C15)*(1-C16) -> -0.17863302 | F17: =-(1+C15)*(1-C16) -> -0.66666698 | G17: =-(1+C15)*(1+C16) -> -2.488033 | H17: =-(1-C15)*(1+C16) -> -0.66666698 | I17: =(1-C15)*(1-C16) -> 0.17863302 | J17: =(1+C15)*(1-C16) -> 0.66666698 | K17: =(1+C15)*(1+C16) -> 2.488033 | L17: =(1-C15)*(1+C16) -> 0.66666698 | N17: -1.333334 | O17: 0 | P17: 32.893167 | R17: =$F$4*N17 -> -0.16666674 | S17: =$F$4*O17 -> 0 | T17: =$F$4*P17 -> 4.1116459
E19: N1 | F19: N2 | G19: N3 | H19: N4 | I19: N5 | J19: N6 | K19: N7 | L19: N8 | N19: NT | P19: NT*N | Y19: NT*N*detJ
E20: =(1-C15)*(1-C16)*(1-C17)/8 -> 0.0094374059 | F20: =(1+C15)*(1-C16)*(1-C17)/8 -> 0.03522085 | G20: =(1+C15)*(1+C16)*(1-C17)/8 -> 0.13144589 | H20: =(1-C15)*(1+C16)*(1-C17)/8 -> 0.03522085 | I20: =(1-C15)*(1-C16)*(1+C17)/8 -> 0.03522085 | J20: =(1+C15)*(1-C16)*(1+C17)/8 -> 0.13144589 | K20: =(1+C15)*(1+C16)*(1+C17)/8 -> 0.49056236 | L20: =(1-C15)*(1+C16)*(1+C17)/8 -> 0.13144589 | N20: {=TRANSPOSE(E20:L20)} -> 0.0094374059 | P20: {=MMULT(N20:N27,E20:L20)} -> 8.906463e-05 | Q20: 0.00033239345 | R20: 0.0012405083 | S20: 0.00033239345 | T20: 0.00033239345 | U20: 0.0012405083 | V20: 0.0046296361 | W20: 0.0012405083 | Y20: {=P20*$W$15} -> 0.0091552064 | Z20: =Q20*$W$15 -> 0.034167668 | AA20: =R20*$W$15 -> 0.12751537 | AB20: =S20*$W$15 -> 0.034167668 | AC20: =T20*$W$15 -> 0.034167668 | AD20: =U20*$W$15 -> 0.12751537 | AE20: =V20*$W$15 -> 0.47589345 | AF20: =W20*$W$15 -> 0.12751537
N21: 0.03522085 | P21: 0.00033239345 | Q21: 0.0012405083 | R21: 0.0046296361 | S21: 0.0012405083 | T21: 0.0012405083 | U21: 0.0046296361 | V21: 0.017278023 | W21: 0.0046296361 | Y21: =P21*$W$15 -> 0.034167668 | Z21: =Q21*$W$15 -> 0.12751537 | AA21: =R21*$W$15 -> 0.47589345 | AB21: =S21*$W$15 -> 0.12751537 | AC21: =T21*$W$15 -> 0.12751537 | AD21: =U21*$W$15 -> 0.47589345 | AE21: =V21*$W$15 -> 1.7760571 | AF21: =W21*$W$15 -> 0.47589345
N22: 0.13144589 | P22: 0.0012405083 | Q22: 0.0046296361 | R22: 0.017278023 | S22: 0.0046296361 | T22: 0.0046296361 | U22: 0.017278023 | V22: 0.064482408 | W22: 0.017278023 | Y22: =P22*$W$15 -> 0.12751537 | Z22: =Q22*$W$15 -> 0.47589345 | AA22: =R22*$W$15 -> 1.7760571 | AB22: =S22*$W$15 -> 0.47589345 | AC22: =T22*$W$15 -> 0.47589345 | AD22: =U22*$W$15 -> 1.7760571 | AE22: =V22*$W$15 -> 6.62833 | AF22: =W22*$W$15 -> 1.7760571
N23: 0.03522085 | P23: 0.00033239345 | Q23: 0.0012405083 | R23: 0.0046296361 | S23: 0.0012405083 | T23: 0.0012405083 | U23: 0.0046296361 | V23: 0.017278023 | W23: 0.0046296361 | Y23: =P23*$W$15 -> 0.034167668 | Z23: =Q23*$W$15 -> 0.12751537 | AA23: =R23*$W$15 -> 0.47589345 | AB23: =S23*$W$15 -> 0.12751537 | AC23: =T23*$W$15 -> 0.12751537 | AD23: =U23*$W$15 -> 0.47589345 | AE23: =V23*$W$15 -> 1.7760571 | AF23: =W23*$W$15 -> 0.47589345
N24: 0.03522085 | P24: 0.00033239345 | Q24: 0.0012405083 | R24: 0.0046296361 | S24: 0.0012405083 | T24: 0.0012405083 | U24: 0.0046296361 | V24: 0.017278023 | W24: 0.0046296361 | Y24: =P24*$W$15 -> 0.034167668 | Z24: =Q24*$W$15 -> 0.12751537 | AA24: =R24*$W$15 -> 0.47589345 | AB24: =S24*$W$15 -> 0.12751537 | AC24: =T24*$W$15 -> 0.12751537 | AD24: =U24*$W$15 -> 0.47589345 | AE24: =V24*$W$15 -> 1.7760571 | AF24: =W24*$W$15 -> 0.47589345
N25: 0.13144589 | P25: 0.0012405083 | Q25: 0.0046296361 | R25: 0.017278023 | S25: 0.0046296361 | T25: 0.0046296361 | U25: 0.017278023 | V25: 0.064482408 | W25: 0.017278023 | Y25: =P25*$W$15 -> 0.12751537 | Z25: =Q25*$W$15 -> 0.47589345 | AA25: =R25*$W$15 -> 1.7760571 | AB25: =S25*$W$15 -> 0.47589345 | AC25: =T25*$W$15 -> 0.47589345 | AD25: =U25*$W$15 -> 1.7760571 | AE25: =V25*$W$15 -> 6.62833 | AF25: =W25*$W$15 -> 1.7760571
N26: 0.49056236 | P26: 0.0046296361 | Q26: 0.017278023 | R26: 0.064482408 | S26: 0.017278023 | T26: 0.017278023 | U26: 0.064482408 | V26: 0.24065143 | W26: 0.064482408 | Y26: =P26*$W$15 -> 0.47589345 | Z26: =Q26*$W$15 -> 1.7760571 | AA26: =R26*$W$15 -> 6.62833 | AB26: =S26*$W$15 -> 1.7760571 | AC26: =T26*$W$15 -> 1.7760571 | AD26: =U26*$W$15 -> 6.62833 | AE26: =V26*$W$15 -> 24.737244 | AF26: =W26*$W$15 -> 6.62833
N27: 0.13144589 | P27: 0.0012405083 | Q27: 0.0046296361 | R27: 0.017278023 | S27: 0.0046296361 | T27: 0.0046296361 | U27: 0.017278023 | V27: 0.064482408 | W27: 0.017278023 | Y27: =P27*$W$15 -> 0.12751537 | Z27: =Q27*$W$15 -> 0.47589345 | AA27: =R27*$W$15 -> 1.7760571 | AB27: =S27*$W$15 -> 0.47589345 | AC27: =T27*$W$15 -> 0.47589345 | AD27: =U27*$W$15 -> 1.7760571 | AE27: =V27*$W$15 -> 6.62833 | AF27: =W27*$W$15 -> 1.7760571
A29: слагаемые | B29: ось | C29: координата т. интегр. | E29: производные функции формы | N29: матрица Якоби (без коэффициента 1/8) | R29: матрица Якоби | V29: det[J] | W29: det[J]* коэф | X29: коэф2
A30: 2 | B30: ξ | C30: 0.57735 | E30: =-(1-C31)*(1-C32) -> -0.66666698 | F30: =(1-C31)*(1-C32) -> 0.66666698 | G30: =(1+C31)*(1-C32) -> 2.488033 | H30: =-(1+C31)*(1-C32) -> -2.488033 | I30: =-(1-C31)*(1+C32) -> -0.17863302 | J30: =(1-C31)*(1+C32) -> 0.17863302 | K30: =(1+C31)*(1+C32) -> 0.66666698 | L30: =-(1+C31)*(1+C32) -> -0.66666698 | N30: {=MMULT(E30:L32,$B$4:$D$11)} -> 41.333334 | O30: 0 | P30: -2.357267 | R30: =$F$4*N30 -> 5.1666667 | S30: =$F$4*O30 -> 0 | T30: =$F$4*P30 -> -0.29465837 | V30: =MDETERM(R30:T32) -> 105.97197 | W30: =V30*X30 -> 105.97197 | X30: 1
B31: η | C31: 0.57735 | E31: =-(1-C30)*(1-C32) -> -0.66666698 | F31: =-(1+C30)*(1-C32) -> -2.488033 | G31: =(1+C30)*(1-C32) -> 2.488033 | H31: =(1-C30)*(1-C32) -> 0.66666698 | I31: =-(1-C30)*(1+C32) -> -0.17863302 | J31: =-(1+C30)*(1+C32) -> -0.66666698 | K31: =(1+C30)*(1+C32) -> 0.66666698 | L31: =(1-C30)*(1+C32) -> 0.17863302 | N31: -4.976066 | O31: 40 | P31: -2.357267 | R31: =$F$4*N31 -> -0.62200826 | S31: =$F$4*O31 -> 5 | T31: =$F$4*P31 -> -0.29465837
B32: ζ | C32: -0.57735 | E32: =-(1-C30)*(1-C31) -> -0.17863302 | F32: =-(1+C30)*(1-C31) -> -0.66666698 | G32: =-(1+C30)*(1+C31) -> -2.488033 | H32: =-(1-C30)*(1+C31) -> -0.66666698 | I32: =(1-C30)*(1-C31) -> 0.17863302 | J32: =(1+C30)*(1-C31) -> 0.66666698 | K32: =(1+C30)*(1+C31) -> 2.488033 | L32: =(1-C30)*(1+C31) -> 0.66666698 | N32: -1.333334 | O32: 0 | P32: 32.893167 | R32: =$F$4*N32 -> -0.16666674 | S32: =$F$4*O32 -> 0 | T32: =$F$4*P32 -> 4.1116459
E34: N1 | F34: N2 | G34: N3 | H34: N4 | I34: N5 | J34: N6 | K34: N7 | L34: N8 | N34: NT | P34: NT*N | Y34: NT*N*detJ
E35: =(1-C30)*(1-C31)*(1-C32)/8 -> 0.03522085 | F35: =(1+C30)*(1-C31)*(1-C32)/8 -> 0.13144589 | G35: =(1+C30)*(1+C31)*(1-C32)/8 -> 0.49056236 | H35: =(1-C30)*(1+C31)*(1-C32)/8 -> 0.13144589 | I35: =(1-C30)*(1-C31)*(1+C32)/8 -> 0.0094374059 | J35: =(1+C30)*(1-C31)*(1+C32)/8 -> 0.03522085 | K35: =(1+C30)*(1+C31)*(1+C32)/8 -> 0.13144589 | L35: =(1-C30)*(1+C31)*(1+C32)/8 -> 0.03522085 | N35: {=TRANSPOSE(E35:L35)} -> 0.03522085 | P35: {=MMULT(N35:N42,E35:L35)} -> 0.0012405083 | Q35: 0.0046296361 | R35: 0.017278023 | S35: 0.0046296361 | T35: 0.00033239345 | U35: 0.0012405083 | V35: 0.0046296361 | W35: 0.0012405083 | Y35: =P35*$W$15 -> 0.12751537 | Z35: =Q35*$W$15 -> 0.47589345 | AA35: =R35*$W$15 -> 1.7760571 | AB35: =S35*$W$15 -> 0.47589345 | AC35: =T35*$W$15 -> 0.034167668 | AD35: =U35*$W$15 -> 0.12751537 | AE35: =V35*$W$15 -> 0.47589345 | AF35: =W35*$W$15 -> 0.12751537
N36: 0.13144589 | P36: 0.0046296361 | Q36: 0.017278023 | R36: 0.064482408 | S36: 0.017278023 | T36: 0.0012405083 | U36: 0.0046296361 | V36: 0.017278023 | W36: 0.0046296361 | Y36: =P36*$W$15 -> 0.47589345 | Z36: =Q36*$W$15 -> 1.7760571 | AA36: =R36*$W$15 -> 6.62833 | AB36: =S36*$W$15 -> 1.7760571 | AC36: =T36*$W$15 -> 0.12751537 | AD36: =U36*$W$15 -> 0.47589345 | AE36: =V36*$W$15 -> 1.7760571 | AF36: =W36*$W$15 -> 0.47589345
N37: 0.49056236 | P37: 0.017278023 | Q37: 0.064482408 | R37: 0.24065143 | S37: 0.064482408 | T37: 0.0046296361 | U37: 0.017278023 | V37: 0.064482408 | W37: 0.017278023 | Y37: =P37*$W$15 -> 1.7760571 | Z37: =Q37*$W$15 -> 6.62833 | AA37: =R37*$W$15 -> 24.737244 | AB37: =S37*$W$15 -> 6.62833 | AC37: =T37*$W$15 -> 0.47589345 | AD37: =U37*$W$15 -> 1.7760571 | AE37: =V37*$W$15 -> 6.62833 | AF37: =W37*$W$15 -> 1.7760571
N38: 0.13144589 | P38: 0.0046296361 | Q38: 0.017278023 | R38: 0.064482408 | S38: 0.017278023 | T38: 0.0012405083 | U38: 0.0046296361 | V38: 0.017278023 | W38: 0.0046296361 | Y38: =P38*$W$15 -> 0.47589345 | Z38: =Q38*$W$15 -> 1.7760571 | AA38: =R38*$W$15 -> 6.62833 | AB38: =S38*$W$15 -> 1.7760571 | AC38: =T38*$W$15 -> 0.12751537 | AD38: =U38*$W$15 -> 0.47589345 | AE38: =V38*$W$15 -> 1.7760571 | AF38: =W38*$W$15 -> 0.47589345
N39: 0.0094374059 | P39: 0.00033239345 | Q39: 0.0012405083 | R39: 0.0046296361 | S39: 0.0012405083 | T39: 8.906463e-05 | U39: 0.00033239345 | V39: 0.0012405083 | W39: 0.00033239345 | Y39: =P39*$W$15 -> 0.034167668 | Z39: =Q39*$W$15 -> 0.12751537 | AA39: =R39*$W$15 -> 0.47589345 | AB39: =S39*$W$15 -> 0.12751537 | AC39: =T39*$W$15 -> 0.0091552064 | AD39: =U39*$W$15 -> 0.034167668 | AE39: =V39*$W$15 -> 0.12751537 | AF39: =W39*$W$15 -> 0.034167668
N40: 0.03522085 | P40: 0.0012405083 | Q40: 0.0046296361 | R40: 0.017278023 | S40: 0.0046296361 | T40: 0.00033239345 | U40: 0.0012405083 | V40: 0.0046296361 | W40: 0.0012405083 | Y40: =P40*$W$15 -> 0.12751537 | Z40: =Q40*$W$15 -> 0.47589345 | AA40: =R40*$W$15 -> 1.7760571 | AB40: =S40*$W$15 -> 0.47589345 | AC40: =T40*$W$15 -> 0.034167668 | AD40: =U40*$W$15 -> 0.12751537 | AE40: =V40*$W$15 -> 0.47589345 | AF40: =W40*$W$15 -> 0.12751537
N41: 0.13144589 | P41: 0.0046296361 | Q41: 0.017278023 | R41: 0.064482408 | S41: 0.017278023 | T41: 0.0012405083 | U41: 0.0046296361 | V41: 0.017278023 | W41: 0.0046296361 | Y41: =P41*$W$15 -> 0.47589345 | Z41: =Q41*$W$15 -> 1.7760571 | AA41: =R41*$W$15 -> 6.62833 | AB41: =S41*$W$15 -> 1.7760571 | AC41: =T41*$W$15 -> 0.12751537 | AD41: =U41*$W$15 -> 0.47589345 | AE41: =V41*$W$15 -> 1.7760571 | AF41: =W41*$W$15 -> 0.47589345
N42: 0.03522085 | P42: 0.0012405083 | Q42: 0.0046296361 | R42: 0.017278023 | S42: 0.0046296361 | T42: 0.00033239345 | U42: 0.0012405083 | V42: 0.0046296361 | W42: 0.0012405083 | Y42: =P42*$W$15 -> 0.12751537 | Z42: =Q42*$W$15 -> 0.47589345 | AA42: =R42*$W$15 -> 1.7760571 | AB42: =S42*$W$15 -> 0.47589345 | AC42: =T42*$W$15 -> 0.034167668 | AD42: =U42*$W$15 -> 0.12751537 | AE42: =V42*$W$15 -> 0.47589345 | AF42: =W42*$W$15 -> 0.12751537
A44: слагаемые | B44: ось | C44: координата т. интегр. | E44: производные функции формы | N44: матрица Якоби (без коэффициента 1/8) | R44: матрица Якоби | V44: det[J] | W44: det[J]* коэф | X44: коэф2
A45: 3 | B45: ξ | C45: 0.57735 | E45: =-(1-C46)*(1-C47) -> -0.66666698 | F45: =(1-C46)*(1-C47) -> 0.66666698 | G45: =(1+C46)*(1-C47) -> 0.17863302 | H45: =-(1+C46)*(1-C47) -> -0.17863302 | I45: =-(1-C46)*(1+C47) -> -2.488033 | J45: =(1-C46)*(1+C47) -> 2.488033 | K45: =(1+C46)*(1+C47) -> 0.66666698 | L45: =-(1+C46)*(1+C47) -> -0.66666698 | N45: {=MMULT(E45:L47,$B$4:$D$11)} -> 41.333334 | O45: 0 | P45: -6.976067 | R45: =$F$4*N45 -> 5.1666667 | S45: =$F$4*O45 -> 0 | T45: =$F$4*P45 -> -0.87200837 | V45: =MDETERM(R45:T47) -> 124.30191 | W45: =V45*X45 -> 124.30191 | X45: 1
B46: η | C46: -0.57735 | E46: =-(1-C45)*(1-C47) -> -0.17863302 | F46: =-(1+C45)*(1-C47) -> -0.66666698 | G46: =(1+C45)*(1-C47) -> 0.66666698 | H46: =(1-C45)*(1-C47) -> 0.17863302 | I46: =-(1-C45)*(1+C47) -> -0.66666698 | J46: =-(1+C45)*(1+C47) -> -2.488033 | K46: =(1+C45)*(1+C47) -> 2.488033 | L46: =(1-C45)*(1+C47) -> 0.66666698 | N46: -1.333334 | O46: 40 | P46: -8.797433 | R46: =$F$4*N46 -> -0.16666674 | S46: =$F$4*O46 -> 5 | T46: =$F$4*P46 -> -1.0996791
B47: ζ | C47: 0.57735 | E47: =-(1-C45)*(1-C46) -> -0.66666698 | F47: =-(1+C45)*(1-C46) -> -2.488033 | G47: =-(1+C45)*(1+C46) -> -0.66666698 | H47: =-(1-C45)*(1+C46) -> -0.17863302 | I47: =(1-C45)*(1-C46) -> 0.66666698 | J47: =(1+C45)*(1-C46) -> 2.488033 | K47: =(1+C45)*(1+C46) -> 0.66666698 | L47: =(1-C45)*(1+C46) -> 0.17863302 | N47: -4.976066 | O47: -4.4408921e-16 | P47: 39.333333 | R47: =$F$4*N47 -> -0.62200826 | S47: =$F$4*O47 -> -5.5511151e-17 | T47: =$F$4*P47 -> 4.9166666
E49: N1 | F49: N2 | G49: N3 | H49: N4 | I49: N5 | J49: N6 | K49: N7 | L49: N8 | N49: NT | P49: NT*N | Y49: NT*N*detJ
E50: =(1-C45)*(1-C46)*(1-C47)/8 -> 0.03522085 | F50: =(1+C45)*(1-C46)*(1-C47)/8 -> 0.13144589 | G50: =(1+C45)*(1+C46)*(1-C47)/8 -> 0.03522085 | H50: =(1-C45)*(1+C46)*(1-C47)/8 -> 0.0094374059 | I50: =(1-C45)*(1-C46)*(1+C47)/8 -> 0.13144589 | J50: =(1+C45)*(1-C46)*(1+C47)/8 -> 0.49056236 | K50: =(1+C45)*(1+C46)*(1+C47)/8 -> 0.13144589 | L50: =(1-C45)*(1+C46)*(1+C47)/8 -> 0.03522085 | N50: {=TRANSPOSE(E50:L50)} -> 0.03522085 | P50: {=MMULT(N50:N57,E50:L50)} -> 0.0012405083 | Q50: 0.0046296361 | R50: 0.0012405083 | S50: 0.00033239345 | T50: 0.0046296361 | U50: 0.017278023 | V50: 0.0046296361 | W50: 0.0012405083 | Y50: =P50*$W$15 -> 0.12751537 | Z50: =Q50*$W$15 -> 0.47589345 | AA50: =R50*$W$15 -> 0.12751537 | AB50: =S50*$W$15 -> 0.034167668 | AC50: =T50*$W$15 -> 0.47589345 | AD50: =U50*$W$15 -> 1.7760571 | AE50: =V50*$W$15 -> 0.47589345 | AF50: =W50*$W$15 -> 0.12751537
N51: 0.13144589 | P51: 0.0046296361 | Q51: 0.017278023 | R51: 0.0046296361 | S51: 0.0012405083 | T51: 0.017278023 | U51: 0.064482408 | V51: 0.017278023 | W51: 0.0046296361 | Y51: =P51*$W$15 -> 0.47589345 | Z51: =Q51*$W$15 -> 1.7760571 | AA51: =R51*$W$15 -> 0.47589345 | AB51: =S51*$W$15 -> 0.12751537 | AC51: =T51*$W$15 -> 1.7760571 | AD51: =U51*$W$15 -> 6.62833 | AE51: =V51*$W$15 -> 1.7760571 | AF51: =W51*$W$15 -> 0.47589345
N52: 0.03522085 | P52: 0.0012405083 | Q52: 0.0046296361 | R52: 0.0012405083 | S52: 0.00033239345 | T52: 0.0046296361 | U52: 0.017278023 | V52: 0.0046296361 | W52: 0.0012405083 | Y52: =P52*$W$15 -> 0.12751537 | Z52: =Q52*$W$15 -> 0.47589345 | AA52: =R52*$W$15 -> 0.12751537 | AB52: =S52*$W$15 -> 0.034167668 | AC52: =T52*$W$15 -> 0.47589345 | AD52: =U52*$W$15 -> 1.7760571 | AE52: =V52*$W$15 -> 0.47589345 | AF52: =W52*$W$15 -> 0.12751537
N53: 0.0094374059 | P53: 0.00033239345 | Q53: 0.0012405083 | R53: 0.00033239345 | S53: 8.906463e-05 | T53: 0.0012405083 | U53: 0.0046296361 | V53: 0.0012405083 | W53: 0.00033239345 | Y53: =P53*$W$15 -> 0.034167668 | Z53: =Q53*$W$15 -> 0.12751537 | AA53: =R53*$W$15 -> 0.034167668 | AB53: =S53*$W$15 -> 0.0091552064 | AC53: =T53*$W$15 -> 0.12751537 | AD53: =U53*$W$15 -> 0.47589345 | AE53: =V53*$W$15 -> 0.12751537 | AF53: =W53*$W$15 -> 0.034167668
N54: 0.13144589 | P54: 0.0046296361 | Q54: 0.017278023 | R54: 0.0046296361 | S54: 0.0012405083 | T54: 0.017278023 | U54: 0.064482408 | V54: 0.017278023 | W54: 0.0046296361 | Y54: =P54*$W$15 -> 0.47589345 | Z54: =Q54*$W$15 -> 1.7760571 | AA54: =R54*$W$15 -> 0.47589345 | AB54: =S54*$W$15 -> 0.12751537 | AC54: =T54*$W$15 -> 1.7760571 | AD54: =U54*$W$15 -> 6.62833 | AE54: =V54*$W$15 -> 1.7760571 | AF54: =W54*$W$15 -> 0.47589345
N55: 0.49056236 | P55: 0.017278023 | Q55: 0.064482408 | R55: 0.017278023 | S55: 0.0046296361 | T55: 0.064482408 | U55: 0.24065143 | V55: 0.064482408 | W55: 0.017278023 | Y55: =P55*$W$15 -> 1.7760571 | Z55: =Q55*$W$15 -> 6.62833 | AA55: =R55*$W$15 -> 1.7760571 | AB55: =S55*$W$15 -> 0.47589345 | AC55: =T55*$W$15 -> 6.62833 | AD55: =U55*$W$15 -> 24.737244 | AE55: =V55*$W$15 -> 6.62833 | AF55: =W55*$W$15 -> 1.7760571
N56: 0.13144589 | P56: 0.0046296361 | Q56: 0.017278023 | R56: 0.0046296361 | S56: 0.0012405083 | T56: 0.017278023 | U56: 0.064482408 | V56: 0.017278023 | W56: 0.0046296361 | Y56: =P56*$W$15 -> 0.47589345 | Z56: =Q56*$W$15 -> 1.7760571 | AA56: =R56*$W$15 -> 0.47589345 | AB56: =S56*$W$15 -> 0.12751537 | AC56: =T56*$W$15 -> 1.7760571 | AD56: =U56*$W$15 -> 6.62833 | AE56: =V56*$W$15 -> 1.7760571 | AF56: =W56*$W$15 -> 0.47589345
N57: 0.03522085 | P57: 0.0012405083 | Q57: 0.0046296361 | R57: 0.0012405083 | S57: 0.00033239345 | T57: 0.0046296361 | U57: 0.017278023 | V57: 0.0046296361 | W57: 0.0012405083 | Y57: =P57*$W$15 -> 0.12751537 | Z57: =Q57*$W$15 -> 0.47589345 | AA57: =R57*$W$15 -> 0.12751537 | AB57: =S57*$W$15 -> 0.034167668 | AC57: =T57*$W$15 -> 0.47589345 | AD57: =U57*$W$15 -> 1.7760571 | AE57: =V57*$W$15 -> 0.47589345 | AF57: =W57*$W$15 -> 0.12751537
A59: слагаемые | B59: ось | C59: координата т. интегр. | E59: производные функции формы | N59: матрица Якоби (без коэффициента 1/8) | R59: матрица Якоби | V59: det[J] | W59: det[J]* коэф | X59: коэф2
A60: 4 | B60: ξ | C60: 0.57735 | E60: =-(1-C61)*(1-C62) -> -2.488033 | F60: =(1-C61)*(1-C62) -> 2.488033 | G60: =(1+C61)*(1-C62) -> 0.66666698 | H60: =-(1+C61)*(1-C62) -> -0.66666698 | I60: =-(1-C61)*(1+C62) -> -0.66666698 | J60: =(1-C61)*(1+C62) -> 0.66666698 | K60: =(1+C61)*(1+C62) -> 0.17863302 | L60: =-(1+C61)*(1+C62) -> -0.17863302 | N60: {=MMULT(E60:L62,$B$4:$D$11)} -> 44.976066 | O60: 0 | P60: -1.869233 | R60: =$F$4*N60 -> 5.6220083 | S60: =$F$4*O60 -> 0 | T60: =$F$4*P60 -> -0.23365413 | V60: =MDETERM(R60:T62) -> 137.48103 | W60: =V60*X60 -> 137.48103 | X60: 1
B61: η | C61: -0.57735 | E61: =-(1-C60)*(1-C62) -> -0.66666698 | F61: =-(1+C60)*(1-C62) -> -2.488033 | G61: =(1+C60)*(1-C62) -> 2.488033 | H61: =(1-C60)*(1-C62) -> 0.66666698 | I61: =-(1-C60)*(1+C62) -> -0.17863302 | J61: =-(1+C60)*(1+C62) -> -0.66666698 | K61: =(1+C60)*(1+C62) -> 0.66666698 | L61: =(1-C60)*(1+C62) -> 0.17863302 | N61: -4.976066 | O61: 40 | P61: -2.357267 | R61: =$F$4*N61 -> -0.62200826 | S61: =$F$4*O61 -> 5 | T61: =$F$4*P61 -> -0.29465837
B62: ζ | C62: -0.57735 | E62: =-(1-C60)*(1-C61) -> -0.66666698 | F62: =-(1+C60)*(1-C61) -> -2.488033 | G62: =-(1+C60)*(1+C61) -> -0.66666698 | H62: =-(1-C60)*(1+C61) -> -0.17863302 | I62: =(1-C60)*(1-C61) -> 0.66666698 | J62: =(1+C60)*(1-C61) -> 2.488033 | K62: =(1+C60)*(1+C61) -> 0.66666698 | L62: =(1-C60)*(1+C61) -> 0.17863302 | N62: -4.976066 | O62: -4.4408921e-16 | P62: 39.333333 | R62: =$F$4*N62 -> -0.62200826 | S62: =$F$4*O62 -> -5.5511151e-17 | T62: =$F$4*P62 -> 4.9166666
E64: N1 | F64: N2 | G64: N3 | H64: N4 | I64: N5 | J64: N6 | K64: N7 | L64: N8 | N64: NT | P64: NT*N | Y64: NT*N*detJ
E65: =(1-C60)*(1-C61)*(1-C62)/8 -> 0.13144589 | F65: =(1+C60)*(1-C61)*(1-C62)/8 -> 0.49056236 | G65: =(1+C60)*(1+C61)*(1-C62)/8 -> 0.13144589 | H65: =(1-C60)*(1+C61)*(1-C62)/8 -> 0.03522085 | I65: =(1-C60)*(1-C61)*(1+C62)/8 -> 0.03522085 | J65: =(1+C60)*(1-C61)*(1+C62)/8 -> 0.13144589 | K65: =(1+C60)*(1+C61)*(1+C62)/8 -> 0.03522085 | L65: =(1-C60)*(1+C61)*(1+C62)/8 -> 0.0094374059 | N65: {=TRANSPOSE(E65:L65)} -> 0.13144589 | P65: {=MMULT(N65:N72,E65:L65)} -> 0.017278023 | Q65: 0.064482408 | R65: 0.017278023 | S65: 0.0046296361 | T65: 0.0046296361 | U65: 0.017278023 | V65: 0.0046296361 | W65: 0.0012405083 | Y65: =P65*$W$15 -> 1.7760571 | Z65: =Q65*$W$15 -> 6.62833 | AA65: =R65*$W$15 -> 1.7760571 | AB65: =S65*$W$15 -> 0.47589345 | AC65: =T65*$W$15 -> 0.47589345 | AD65: =U65*$W$15 -> 1.7760571 | AE65: =V65*$W$15 -> 0.47589345 | AF65: =W65*$W$15 -> 0.12751537
N66: 0.49056236 | P66: 0.064482408 | Q66: 0.24065143 | R66: 0.064482408 | S66: 0.017278023 | T66: 0.017278023 | U66: 0.064482408 | V66: 0.017278023 | W66: 0.0046296361 | Y66: =P66*$W$15 -> 6.62833 | Z66: =Q66*$W$15 -> 24.737244 | AA66: =R66*$W$15 -> 6.62833 | AB66: =S66*$W$15 -> 1.7760571 | AC66: =T66*$W$15 -> 1.7760571 | AD66: =U66*$W$15 -> 6.62833 | AE66: =V66*$W$15 -> 1.7760571 | AF66: =W66*$W$15 -> 0.47589345
N67: 0.13144589 | P67: 0.017278023 | Q67: 0.064482408 | R67: 0.017278023 | S67: 0.0046296361 | T67: 0.0046296361 | U67: 0.017278023 | V67: 0.0046296361 | W67: 0.0012405083 | Y67: =P67*$W$15 -> 1.7760571 | Z67: =Q67*$W$15 -> 6.62833 | AA67: =R67*$W$15 -> 1.7760571 | AB67: =S67*$W$15 -> 0.47589345 | AC67: =T67*$W$15 -> 0.47589345 | AD67: =U67*$W$15 -> 1.7760571 | AE67: =V67*$W$15 -> 0.47589345 | AF67: =W67*$W$15 -> 0.12751537
N68: 0.03522085 | P68: 0.0046296361 | Q68: 0.017278023 | R68: 0.0046296361 | S68: 0.0012405083 | T68: 0.0012405083 | U68: 0.0046296361 | V68: 0.0012405083 | W68: 0.00033239345 | Y68: =P68*$W$15 -> 0.47589345 | Z68: =Q68*$W$15 -> 1.7760571 | AA68: =R68*$W$15 -> 0.47589345 | AB68: =S68*$W$15 -> 0.12751537 | AC68: =T68*$W$15 -> 0.12751537 | AD68: =U68*$W$15 -> 0.47589345 | AE68: =V68*$W$15 -> 0.12751537 | AF68: =W68*$W$15 -> 0.034167668
N69: 0.03522085 | P69: 0.0046296361 | Q69: 0.017278023 | R69: 0.0046296361 | S69: 0.0012405083 | T69: 0.0012405083 | U69: 0.0046296361 | V69: 0.0012405083 | W69: 0.00033239345 | Y69: =P69*$W$15 -> 0.47589345 | Z69: =Q69*$W$15 -> 1.7760571 | AA69: =R69*$W$15 -> 0.47589345 | AB69: =S69*$W$15 -> 0.12751537 | AC69: =T69*$W$15 -> 0.12751537 | AD69: =U69*$W$15 -> 0.47589345 | AE69: =V69*$W$15 -> 0.12751537 | AF69: =W69*$W$15 -> 0.034167668
N70: 0.13144589 | P70: 0.017278023 | Q70: 0.064482408 | R70: 0.017278023 | S70: 0.0046296361 | T70: 0.0046296361 | U70: 0.017278023 | V70: 0.0046296361 | W70: 0.0012405083 | Y70: =P70*$W$15 -> 1.7760571 | Z70: =Q70*$W$15 -> 6.62833 | AA70: =R70*$W$15 -> 1.7760571 | AB70: =S70*$W$15 -> 0.47589345 | AC70: =T70*$W$15 -> 0.47589345 | AD70: =U70*$W$15 -> 1.7760571 | AE70: =V70*$W$15 -> 0.47589345 | AF70: =W70*$W$15 -> 0.12751537
N71: 0.03522085 | P71: 0.0046296361 | Q71: 0.017278023 | R71: 0.0046296361 | S71: 0.0012405083 | T71: 0.0012405083 | U71: 0.0046296361 | V71: 0.0012405083 | W71: 0.00033239345 | Y71: =P71*$W$15 -> 0.47589345 | Z71: =Q71*$W$15 -> 1.7760571 | AA71: =R71*$W$15 -> 0.47589345 | AB71: =S71*$W$15 -> 0.12751537 | AC71: =T71*$W$15 -> 0.12751537 | AD71: =U71*$W$15 -> 0.47589345 | AE71: =V71*$W$15 -> 0.12751537 | AF71: =W71*$W$15 -> 0.034167668
N72: 0.0094374059 | P72: 0.0012405083 | Q72: 0.0046296361 | R72: 0.0012405083 | S72: 0.00033239345 | T72: 0.00033239345 | U72: 0.0012405083 | V72: 0.00033239345 | W72: 8.906463e-05 | Y72: =P72*$W$15 -> 0.12751537 | Z72: =Q72*$W$15 -> 0.47589345 | AA72: =R72*$W$15 -> 0.12751537 | AB72: =S72*$W$15 -> 0.034167668 | AC72: =T72*$W$15 -> 0.034167668 | AD72: =U72*$W$15 -> 0.12751537 | AE72: =V72*$W$15 -> 0.034167668 | AF72: =W72*$W$15 -> 0.0091552064
A74: слагаемые | B74: ось | C74: координата т. интегр. | E74: производные функции формы | N74: матрица Якоби (без коэффициента 1/8) | R74: матрица Якоби | V74: det[J] | W74: det[J]* коэф | X74: коэф2
A75: 5 | B75: ξ | C75: -0.57735 | E75: =-(1-C76)*(1-C77) -> -0.17863302 | F75: =(1-C76)*(1-C77) -> 0.17863302 | G75: =(1+C76)*(1-C77) -> 0.66666698 | H75: =-(1+C76)*(1-C77) -> -0.66666698 | I75: =-(1-C76)*(1+C77) -> -0.66666698 | J75: =(1-C76)*(1+C77) -> 0.66666698 | K75: =(1+C76)*(1+C77) -> 2.488033 | L75: =-(1+C76)*(1+C77) -> -2.488033 | N75: {=MMULT(E75:L77,$B$4:$D$11)} -> 40.357266 | O75: 0 | P75: -8.797433 | R75: =$F$4*N75 -> 5.0446583 | S75: =$F$4*O75 -> 0 | T75: =$F$4*P75 -> -1.0996791 | V75: =MDETERM(R75:T77) -> 123.76897 | W75: =V75*X75 -> 123.76897 | X75: 1
B76: η | C76: 0.57735 | E76: =-(1-C75)*(1-C77) -> -0.66666698 | F76: =-(1+C75)*(1-C77) -> -0.17863302 | G76: =(1+C75)*(1-C77) -> 0.17863302 | H76: =(1-C75)*(1-C77) -> 0.66666698 | I76: =-(1-C75)*(1+C77) -> -2.488033 | J76: =-(1+C75)*(1+C77) -> -0.66666698 | K76: =(1+C75)*(1+C77) -> 0.66666698 | L76: =(1-C75)*(1+C77) -> 2.488033 | N76: -0.35726604 | O76: 40 | P76: -6.976067 | R76: =$F$4*N76 -> -0.044658256 | S76: =$F$4*O76 -> 5 | T76: =$F$4*P76 -> -0.87200837
B77: ζ | C77: 0.57735 | E77: =-(1-C75)*(1-C76) -> -0.66666698 | F77: =-(1+C75)*(1-C76) -> -0.17863302 | G77: =-(1+C75)*(1+C76) -> -0.66666698 | H77: =-(1-C75)*(1+C76) -> -2.488033 | I77: =(1-C75)*(1-C76) -> 0.66666698 | J77: =(1+C75)*(1-C76) -> 0.17863302 | K77: =(1+C75)*(1+C76) -> 0.66666698 | L77: =(1-C75)*(1+C76) -> 2.488033 | N77: -0.35726604 | O77: 0 | P77: 39.333333 | R77: =$F$4*N77 -> -0.044658256 | S77: =$F$4*O77 -> 0 | T77: =$F$4*P77 -> 4.9166666
E79: N1 | F79: N2 | G79: N3 | H79: N4 | I79: N5 | J79: N6 | K79: N7 | L79: N8 | N79: NT | P79: NT*N | Y79: NT*N*detJ
E80: =(1-C75)*(1-C76)*(1-C77)/8 -> 0.03522085 | F80: =(1+C75)*(1-C76)*(1-C77)/8 -> 0.0094374059 | G80: =(1+C75)*(1+C76)*(1-C77)/8 -> 0.03522085 | H80: =(1-C75)*(1+C76)*(1-C77)/8 -> 0.13144589 | I80: =(1-C75)*(1-C76)*(1+C77)/8 -> 0.13144589 | J80: =(1+C75)*(1-C76)*(1+C77)/8 -> 0.03522085 | K80: =(1+C75)*(1+C76)*(1+C77)/8 -> 0.13144589 | L80: =(1-C75)*(1+C76)*(1+C77)/8 -> 0.49056236 | N80: {=TRANSPOSE(E80:L80)} -> 0.03522085 | P80: {=MMULT(N80:N87,E80:L80)} -> 0.0012405083 | Q80: 0.00033239345 | R80: 0.0012405083 | S80: 0.0046296361 | T80: 0.0046296361 | U80: 0.0012405083 | V80: 0.0046296361 | W80: 0.017278023 | Y80: =P80*$W$15 -> 0.12751537 | Z80: =Q80*$W$15 -> 0.034167668 | AA80: =R80*$W$15 -> 0.12751537 | AB80: =S80*$W$15 -> 0.47589345 | AC80: =T80*$W$15 -> 0.47589345 | AD80: =U80*$W$15 -> 0.12751537 | AE80: =V80*$W$15 -> 0.47589345 | AF80: =W80*$W$15 -> 1.7760571
N81: 0.0094374059 | P81: 0.00033239345 | Q81: 8.906463e-05 | R81: 0.00033239345 | S81: 0.0012405083 | T81: 0.0012405083 | U81: 0.00033239345 | V81: 0.0012405083 | W81: 0.0046296361 | Y81: =P81*$W$15 -> 0.034167668 | Z81: =Q81*$W$15 -> 0.0091552064 | AA81: =R81*$W$15 -> 0.034167668 | AB81: =S81*$W$15 -> 0.12751537 | AC81: =T81*$W$15 -> 0.12751537 | AD81: =U81*$W$15 -> 0.034167668 | AE81: =V81*$W$15 -> 0.12751537 | AF81: =W81*$W$15 -> 0.47589345
N82: 0.03522085 | P82: 0.0012405083 | Q82: 0.00033239345 | R82: 0.0012405083 | S82: 0.0046296361 | T82: 0.0046296361 | U82: 0.0012405083 | V82: 0.0046296361 | W82: 0.017278023 | Y82: =P82*$W$15 -> 0.12751537 | Z82: =Q82*$W$15 -> 0.034167668 | AA82: =R82*$W$15 -> 0.12751537 | AB82: =S82*$W$15 -> 0.47589345 | AC82: =T82*$W$15 -> 0.47589345 | AD82: =U82*$W$15 -> 0.12751537 | AE82: =V82*$W$15 -> 0.47589345 | AF82: =W82*$W$15 -> 1.7760571
N83: 0.13144589 | P83: 0.0046296361 | Q83: 0.0012405083 | R83: 0.0046296361 | S83: 0.017278023 | T83: 0.017278023 | U83: 0.0046296361 | V83: 0.017278023 | W83: 0.064482408 | Y83: =P83*$W$15 -> 0.47589345 | Z83: =Q83*$W$15 -> 0.12751537 | AA83: =R83*$W$15 -> 0.47589345 | AB83: =S83*$W$15 -> 1.7760571 | AC83: =T83*$W$15 -> 1.7760571 | AD83: =U83*$W$15 -> 0.47589345 | AE83: =V83*$W$15 -> 1.7760571 | AF83: =W83*$W$15 -> 6.62833
N84: 0.13144589 | P84: 0.0046296361 | Q84: 0.0012405083 | R84: 0.0046296361 | S84: 0.017278023 | T84: 0.017278023 | U84: 0.0046296361 | V84: 0.017278023 | W84: 0.064482408 | Y84: =P84*$W$15 -> 0.47589345 | Z84: =Q84*$W$15 -> 0.12751537 | AA84: =R84*$W$15 -> 0.47589345 | AB84: =S84*$W$15 -> 1.7760571 | AC84: =T84*$W$15 -> 1.7760571 | AD84: =U84*$W$15 -> 0.47589345 | AE84: =V84*$W$15 -> 1.7760571 | AF84: =W84*$W$15 -> 6.62833
N85: 0.03522085 | P85: 0.0012405083 | Q85: 0.00033239345 | R85: 0.0012405083 | S85: 0.0046296361 | T85: 0.0046296361 | U85: 0.0012405083 | V85: 0.0046296361 | W85: 0.017278023 | Y85: =P85*$W$15 -> 0.12751537 | Z85: =Q85*$W$15 -> 0.034167668 | AA85: =R85*$W$15 -> 0.12751537 | AB85: =S85*$W$15 -> 0.47589345 | AC85: =T85*$W$15 -> 0.47589345 | AD85: =U85*$W$15 -> 0.12751537 | AE85: =V85*$W$15 -> 0.47589345 | AF85: =W85*$W$15 -> 1.7760571
N86: 0.13144589 | P86: 0.0046296361 | Q86: 0.0012405083 | R86: 0.0046296361 | S86: 0.017278023 | T86: 0.017278023 | U86: 0.0046296361 | V86: 0.017278023 | W86: 0.064482408 | Y86: =P86*$W$15 -> 0.47589345 | Z86: =Q86*$W$15 -> 0.12751537 | AA86: =R86*$W$15 -> 0.47589345 | AB86: =S86*$W$15 -> 1.7760571 | AC86: =T86*$W$15 -> 1.7760571 | AD86: =U86*$W$15 -> 0.47589345 | AE86: =V86*$W$15 -> 1.7760571 | AF86: =W86*$W$15 -> 6.62833
N87: 0.49056236 | P87: 0.017278023 | Q87: 0.0046296361 | R87: 0.017278023 | S87: 0.064482408 | T87: 0.064482408 | U87: 0.017278023 | V87: 0.064482408 | W87: 0.24065143 | Y87: =P87*$W$15 -> 1.7760571 | Z87: =Q87*$W$15 -> 0.47589345 | AA87: =R87*$W$15 -> 1.7760571 | AB87: =S87*$W$15 -> 6.62833 | AC87: =T87*$W$15 -> 6.62833 | AD87: =U87*$W$15 -> 1.7760571 | AE87: =V87*$W$15 -> 6.62833 | AF87: =W87*$W$15 -> 24.737244
A89: слагаемые | B89: ось | C89: координата т. интегр. | E89: производные функции формы | N89: матрица Якоби (без коэффициента 1/8) | R89: матрица Якоби | V89: det[J] | W89: det[J]* коэф | X89: коэф2
A90: 6 | B90: ξ | C90: -0.57735 | E90: =-(1-C91)*(1-C92) -> -0.66666698 | F90: =(1-C91)*(1-C92) -> 0.66666698 | G90: =(1+C91)*(1-C92) -> 2.488033 | H90: =-(1+C91)*(1-C92) -> -2.488033 | I90: =-(1-C91)*(1+C92) -> -0.17863302 | J90: =(1-C91)*(1+C92) -> 0.17863302 | K90: =(1+C91)*(1+C92) -> 0.66666698 | L90: =-(1+C91)*(1+C92) -> -0.66666698 | N90: {=MMULT(E90:L92,$B$4:$D$11)} -> 41.333334 | O90: 0 | P90: -2.357267 | R90: =$F$4*N90 -> 5.1666667 | S90: =$F$4*O90 -> 0 | T90: =$F$4*P90 -> -0.29465837 | V90: =MDETERM(R90:T92) -> 126.9481 | W90: =V90*X90 -> 126.9481 | X90: 1
B91: η | C91: 0.57735 | E91: =-(1-C90)*(1-C92) -> -2.488033 | F91: =-(1+C90)*(1-C92) -> -0.66666698 | G91: =(1+C90)*(1-C92) -> 0.66666698 | H91: =(1-C90)*(1-C92) -> 2.488033 | I91: =-(1-C90)*(1+C92) -> -0.66666698 | J91: =-(1+C90)*(1+C92) -> -0.17863302 | K91: =(1+C90)*(1+C92) -> 0.17863302 | L91: =(1-C90)*(1+C92) -> 0.66666698 | N91: -1.333334 | O91: 40 | P91: -1.869233 | R91: =$F$4*N91 -> -0.16666674 | S91: =$F$4*O91 -> 5 | T91: =$F$4*P91 -> -0.23365413
B92: ζ | C92: -0.57735 | E92: =-(1-C90)*(1-C91) -> -0.66666698 | F92: =-(1+C90)*(1-C91) -> -0.17863302 | G92: =-(1+C90)*(1+C91) -> -0.66666698 | H92: =-(1-C90)*(1+C91) -> -2.488033 | I92: =(1-C90)*(1-C91) -> 0.66666698 | J92: =(1+C90)*(1-C91) -> 0.17863302 | K92: =(1+C90)*(1+C91) -> 0.66666698 | L92: =(1-C90)*(1+C91) -> 2.488033 | N92: -0.35726604 | O92: 0 | P92: 39.333333 | R92: =$F$4*N92 -> -0.044658256 | S92: =$F$4*O92 -> 0 | T92: =$F$4*P92 -> 4.9166666
E94: N1 | F94: N2 | G94: N3 | H94: N4 | I94: N5 | J94: N6 | K94: N7 | L94: N8 | N94: NT | P94: NT*N | Y94: NT*N*detJ
E95: =(1-C90)*(1-C91)*(1-C92)/8 -> 0.13144589 | F95: =(1+C90)*(1-C91)*(1-C92)/8 -> 0.03522085 | G95: =(1+C90)*(1+C91)*(1-C92)/8 -> 0.13144589 | H95: =(1-C90)*(1+C91)*(1-C92)/8 -> 0.49056236 | I95: =(1-C90)*(1-C91)*(1+C92)/8 -> 0.03522085 | J95: =(1+C90)*(1-C91)*(1+C92)/8 -> 0.0094374059 | K95: =(1+C90)*(1+C91)*(1+C92)/8 -> 0.03522085 | L95: =(1-C90)*(1+C91)*(1+C92)/8 -> 0.13144589 | N95: {=TRANSPOSE(E95:L95)} -> 0.13144589 | P95: {=MMULT(N95:N102,E95:L95)} -> 0.017278023 | Q95: 0.0046296361 | R95: 0.017278023 | S95: 0.064482408 | T95: 0.0046296361 | U95: 0.0012405083 | V95: 0.0046296361 | W95: 0.017278023 | Y95: =P95*$W$15 -> 1.7760571 | Z95: =Q95*$W$15 -> 0.47589345 | AA95: =R95*$W$15 -> 1.7760571 | AB95: =S95*$W$15 -> 6.62833 | AC95: =T95*$W$15 -> 0.47589345 | AD95: =U95*$W$15 -> 0.12751537 | AE95: =V95*$W$15 -> 0.47589345 | AF95: =W95*$W$15 -> 1.7760571
N96: 0.03522085 | P96: 0.0046296361 | Q96: 0.0012405083 | R96: 0.0046296361 | S96: 0.017278023 | T96: 0.0012405083 | U96: 0.00033239345 | V96: 0.0012405083 | W96: 0.0046296361 | Y96: =P96*$W$15 -> 0.47589345 | Z96: =Q96*$W$15 -> 0.12751537 | AA96: =R96*$W$15 -> 0.47589345 | AB96: =S96*$W$15 -> 1.7760571 | AC96: =T96*$W$15 -> 0.12751537 | AD96: =U96*$W$15 -> 0.034167668 | AE96: =V96*$W$15 -> 0.12751537 | AF96: =W96*$W$15 -> 0.47589345
N97: 0.13144589 | P97: 0.017278023 | Q97: 0.0046296361 | R97: 0.017278023 | S97: 0.064482408 | T97: 0.0046296361 | U97: 0.0012405083 | V97: 0.0046296361 | W97: 0.017278023 | Y97: =P97*$W$15 -> 1.7760571 | Z97: =Q97*$W$15 -> 0.47589345 | AA97: =R97*$W$15 -> 1.7760571 | AB97: =S97*$W$15 -> 6.62833 | AC97: =T97*$W$15 -> 0.47589345 | AD97: =U97*$W$15 -> 0.12751537 | AE97: =V97*$W$15 -> 0.47589345 | AF97: =W97*$W$15 -> 1.7760571
N98: 0.49056236 | P98: 0.064482408 | Q98: 0.017278023 | R98: 0.064482408 | S98: 0.24065143 | T98: 0.017278023 | U98: 0.0046296361 | V98: 0.017278023 | W98: 0.064482408 | Y98: =P98*$W$15 -> 6.62833 | Z98: =Q98*$W$15 -> 1.7760571 | AA98: =R98*$W$15 -> 6.62833 | AB98: =S98*$W$15 -> 24.737244 | AC98: =T98*$W$15 -> 1.7760571 | AD98: =U98*$W$15 -> 0.47589345 | AE98: =V98*$W$15 -> 1.7760571 | AF98: =W98*$W$15 -> 6.62833
N99: 0.03522085 | P99: 0.0046296361 | Q99: 0.0012405083 | R99: 0.0046296361 | S99: 0.017278023 | T99: 0.0012405083 | U99: 0.00033239345 | V99: 0.0012405083 | W99: 0.0046296361 | Y99: =P99*$W$15 -> 0.47589345 | Z99: =Q99*$W$15 -> 0.12751537 | AA99: =R99*$W$15 -> 0.47589345 | AB99: =S99*$W$15 -> 1.7760571 | AC99: =T99*$W$15 -> 0.12751537 | AD99: =U99*$W$15 -> 0.034167668 | AE99: =V99*$W$15 -> 0.12751537 | AF99: =W99*$W$15 -> 0.47589345
N100: 0.0094374059 | P100: 0.0012405083 | Q100: 0.00033239345 | R100: 0.0012405083 | S100: 0.0046296361 | T100: 0.00033239345 | U100: 8.906463e-05 | V100: 0.00033239345 | W100: 0.0012405083 | Y100: =P100*$W$15 -> 0.12751537 | Z100: =Q100*$W$15 -> 0.034167668 | AA100: =R100*$W$15 -> 0.12751537 | AB100: =S100*$W$15 -> 0.47589345 | AC100: =T100*$W$15 -> 0.034167668 | AD100: =U100*$W$15 -> 0.0091552064 | AE100: =V100*$W$15 -> 0.034167668 | AF100: =W100*$W$15 -> 0.12751537
N101: 0.03522085 | P101: 0.0046296361 | Q101: 0.0012405083 | R101: 0.0046296361 | S101: 0.017278023 | T101: 0.0012405083 | U101: 0.00033239345 | V101: 0.0012405083 | W101: 0.0046296361 | Y101: =P101*$W$15 -> 0.47589345 | Z101: =Q101*$W$15 -> 0.12751537 | AA101: =R101*$W$15 -> 0.47589345 | AB101: =S101*$W$15 -> 1.7760571 | AC101: =T101*$W$15 -> 0.12751537 | AD101: =U101*$W$15 -> 0.034167668 | AE101: =V101*$W$15 -> 0.12751537 | AF101: =W101*$W$15 -> 0.47589345
N102: 0.13144589 | P102: 0.017278023 | Q102: 0.0046296361 | R102: 0.017278023 | S102: 0.064482408 | T102: 0.0046296361 | U102: 0.0012405083 | V102: 0.0046296361 | W102: 0.017278023 | Y102: =P102*$W$15 -> 1.7760571 | Z102: =Q102*$W$15 -> 0.47589345 | AA102: =R102*$W$15 -> 1.7760571 | AB102: =S102*$W$15 -> 6.62833 | AC102: =T102*$W$15 -> 0.47589345 | AD102: =U102*$W$15 -> 0.12751537 | AE102: =V102*$W$15 -> 0.47589345 | AF102: =W102*$W$15 -> 1.7760571
A104: слагаемые | B104: ось | C104: координата т. интегр. | E104: производные функции формы | N104: матрица Якоби (без коэффициента 1/8) | R104: матрица Якоби | V104: det[J] | W104: det[J]* коэф | X104: коэф2
A105: 7 | B105: ξ | C105: -0.57735 | E105: =-(1-C106)*(1-C107) -> -0.66666698 | F105: =(1-C106)*(1-C107) -> 0.66666698 | G105: =(1+C106)*(1-C107) -> 0.17863302 | H105: =-(1+C106)*(1-C107) -> -0.17863302 | I105: =-(1-C106)*(1+C107) -> -2.488033 | J105: =(1-C106)*(1+C107) -> 2.488033 | K105: =(1+C106)*(1+C107) -> 0.66666698 | L105: =-(1+C106)*(1+C107) -> -0.66666698 | N105: {=MMULT(E105:L107,$B$4:$D$11)} -> 41.333334 | O105: 0 | P105: -6.976067 | R105: =$F$4*N105 -> 5.1666667 | S105: =$F$4*O105 -> 0 | T105: =$F$4*P105 -> -0.87200837 | V105: =MDETERM(R105:T107) -> 142.77803 | W105: =V105*X105 -> 142.77803 | X105: 1
B106: η | C106: -0.57735 | E106: =-(1-C105)*(1-C107) -> -0.66666698 | F106: =-(1+C105)*(1-C107) -> -0.17863302 | G106: =(1+C105)*(1-C107) -> 0.17863302 | H106: =(1-C105)*(1-C107) -> 0.66666698 | I106: =-(1-C105)*(1+C107) -> -2.488033 | J106: =-(1+C105)*(1+C107) -> -0.66666698 | K106: =(1+C105)*(1+C107) -> 0.66666698 | L106: =(1-C105)*(1+C107) -> 2.488033 | N106: -0.35726604 | O106: 40 | P106: -6.976067 | R106: =$F$4*N106 -> -0.044658256 | S106: =$F$4*O106 -> 5 | T106: =$F$4*P106 -> -0.87200837
B107: ζ | C107: 0.57735 | E107: =-(1-C105)*(1-C106) -> -2.488033 | F107: =-(1+C105)*(1-C106) -> -0.66666698 | G107: =-(1+C105)*(1+C106) -> -0.17863302 | H107: =-(1-C105)*(1+C106) -> -0.66666698 | I107: =(1-C105)*(1-C106) -> 2.488033 | J107: =(1+C105)*(1-C106) -> 0.66666698 | K107: =(1+C105)*(1+C106) -> 0.17863302 | L107: =(1-C105)*(1+C106) -> 0.66666698 | N107: -1.333334 | O107: 0 | P107: 44.440167 | R107: =$F$4*N107 -> -0.16666674 | S107: =$F$4*O107 -> 0 | T107: =$F$4*P107 -> 5.5550209
E109: N1 | F109: N2 | G109: N3 | H109: N4 | I109: N5 | J109: N6 | K109: N7 | L109: N8 | N109: NT | P109: NT*N | Y109: NT*N*detJ
E110: =(1-C105)*(1-C106)*(1-C107)/8 -> 0.13144589 | F110: =(1+C105)*(1-C106)*(1-C107)/8 -> 0.03522085 | G110: =(1+C105)*(1+C106)*(1-C107)/8 -> 0.0094374059 | H110: =(1-C105)*(1+C106)*(1-C107)/8 -> 0.03522085 | I110: =(1-C105)*(1-C106)*(1+C107)/8 -> 0.49056236 | J110: =(1+C105)*(1-C106)*(1+C107)/8 -> 0.13144589 | K110: =(1+C105)*(1+C106)*(1+C107)/8 -> 0.03522085 | L110: =(1-C105)*(1+C106)*(1+C107)/8 -> 0.13144589 | N110: {=TRANSPOSE(E110:L110)} -> 0.13144589 | P110: {=MMULT(N110:N117,E110:L110)} -> 0.017278023 | Q110: 0.0046296361 | R110: 0.0012405083 | S110: 0.0046296361 | T110: 0.064482408 | U110: 0.017278023 | V110: 0.0046296361 | W110: 0.017278023 | Y110: =P110*$W$15 -> 1.7760571 | Z110: =Q110*$W$15 -> 0.47589345 | AA110: =R110*$W$15 -> 0.12751537 | AB110: =S110*$W$15 -> 0.47589345 | AC110: =T110*$W$15 -> 6.62833 | AD110: =U110*$W$15 -> 1.7760571 | AE110: =V110*$W$15 -> 0.47589345 | AF110: =W110*$W$15 -> 1.7760571
N111: 0.03522085 | P111: 0.0046296361 | Q111: 0.0012405083 | R111: 0.00033239345 | S111: 0.0012405083 | T111: 0.017278023 | U111: 0.0046296361 | V111: 0.0012405083 | W111: 0.0046296361 | Y111: =P111*$W$15 -> 0.47589345 | Z111: =Q111*$W$15 -> 0.12751537 | AA111: =R111*$W$15 -> 0.034167668 | AB111: =S111*$W$15 -> 0.12751537 | AC111: =T111*$W$15 -> 1.7760571 | AD111: =U111*$W$15 -> 0.47589345 | AE111: =V111*$W$15 -> 0.12751537 | AF111: =W111*$W$15 -> 0.47589345
N112: 0.0094374059 | P112: 0.0012405083 | Q112: 0.00033239345 | R112: 8.906463e-05 | S112: 0.00033239345 | T112: 0.0046296361 | U112: 0.0012405083 | V112: 0.00033239345 | W112: 0.0012405083 | Y112: =P112*$W$15 -> 0.12751537 | Z112: =Q112*$W$15 -> 0.034167668 | AA112: =R112*$W$15 -> 0.0091552064 | AB112: =S112*$W$15 -> 0.034167668 | AC112: =T112*$W$15 -> 0.47589345 | AD112: =U112*$W$15 -> 0.12751537 | AE112: =V112*$W$15 -> 0.034167668 | AF112: =W112*$W$15 -> 0.12751537
N113: 0.03522085 | P113: 0.0046296361 | Q113: 0.0012405083 | R113: 0.00033239345 | S113: 0.0012405083 | T113: 0.017278023 | U113: 0.0046296361 | V113: 0.0012405083 | W113: 0.0046296361 | Y113: =P113*$W$15 -> 0.47589345 | Z113: =Q113*$W$15 -> 0.12751537 | AA113: =R113*$W$15 -> 0.034167668 | AB113: =S113*$W$15 -> 0.12751537 | AC113: =T113*$W$15 -> 1.7760571 | AD113: =U113*$W$15 -> 0.47589345 | AE113: =V113*$W$15 -> 0.12751537 | AF113: =W113*$W$15 -> 0.47589345
N114: 0.49056236 | P114: 0.064482408 | Q114: 0.017278023 | R114: 0.0046296361 | S114: 0.017278023 | T114: 0.24065143 | U114: 0.064482408 | V114: 0.017278023 | W114: 0.064482408 | Y114: =P114*$W$15 -> 6.62833 | Z114: =Q114*$W$15 -> 1.7760571 | AA114: =R114*$W$15 -> 0.47589345 | AB114: =S114*$W$15 -> 1.7760571 | AC114: =T114*$W$15 -> 24.737244 | AD114: =U114*$W$15 -> 6.62833 | AE114: =V114*$W$15 -> 1.7760571 | AF114: =W114*$W$15 -> 6.62833
N115: 0.13144589 | P115: 0.017278023 | Q115: 0.0046296361 | R115: 0.0012405083 | S115: 0.0046296361 | T115: 0.064482408 | U115: 0.017278023 | V115: 0.0046296361 | W115: 0.017278023 | Y115: =P115*$W$15 -> 1.7760571 | Z115: =Q115*$W$15 -> 0.47589345 | AA115: =R115*$W$15 -> 0.12751537 | AB115: =S115*$W$15 -> 0.47589345 | AC115: =T115*$W$15 -> 6.62833 | AD115: =U115*$W$15 -> 1.7760571 | AE115: =V115*$W$15 -> 0.47589345 | AF115: =W115*$W$15 -> 1.7760571
N116: 0.03522085 | P116: 0.0046296361 | Q116: 0.0012405083 | R116: 0.00033239345 | S116: 0.0012405083 | T116: 0.017278023 | U116: 0.0046296361 | V116: 0.0012405083 | W116: 0.0046296361 | Y116: =P116*$W$15 -> 0.47589345 | Z116: =Q116*$W$15 -> 0.12751537 | AA116: =R116*$W$15 -> 0.034167668 | AB116: =S116*$W$15 -> 0.12751537 | AC116: =T116*$W$15 -> 1.7760571 | AD116: =U116*$W$15 -> 0.47589345 | AE116: =V116*$W$15 -> 0.12751537 | AF116: =W116*$W$15 -> 0.47589345
...

Sheet +пример стр 261
B2: пример из Сегерлинда со стр 261 | F2: задача для стержня
B3: X
A4: 1 | B4: =1/2 -> 0.5
A5: 2 | B5: 1
A6: 3 | B6: =3/2 -> 1.5
B15: для трех
A17: ось | B17: координата т. интегр. | D17: производные функции формы dNi/dξ | I17: матрица Якоби [J] | K17: detJ | M17: detJ* коэф
A18: ξ | B18: =-0.774597 -> -0.774597 | D18: =-0.5+B18 -> -1.274597 | E18: =-2*B18 -> 1.549194 | F18: =0.5+B18 -> -0.274597 | I18: =MMULT(D18:F18,$B$4:$B$6) -> 0.5 | K18: =MDETERM(I18) -> 0.5 | M18: =K18*5/9 -> 0.27777778
D20: N1 | E20: N2 | F20: N3 | H20: NT | J20: NT*N | N20: NT*N*detJ*коэф
D21: =-B18*(1-B18)/2 -> 0.68729876 | E21: =(1-B18)*(1+B18) -> 0.39999949 | F21: =B18*(1+B18)/2 -> -0.087298244 | H21: {=TRANSPOSE(D21:F21)} -> 0.68729876 | J21: {=MMULT(H21:H23,D21:F21)} -> 0.47237958 | K21: 0.27491915 | L21: -0.059999974 | N21: =J21*$M$18 -> 0.13121655 | O21: =K21*$M$18 -> 0.076366431 | P21: =L21*$M$18 -> -0.01666666
H22: 0.39999949 | J22: 0.27491915 | K22: 0.15999959 | L22: -0.034919253 | N22: =J22*$M$18 -> 0.076366431 | O22: =K22*$M$18 -> 0.044444331 | P22: =L22*$M$18 -> -0.0096997924
D23: =SUM(D21:F21) -> 1 | H23: -0.087298244 | J23: -0.059999974 | K23: -0.034919253 | L23: 0.0076209834 | N23: =J23*$M$18 -> -0.01666666 | O23: =K23*$M$18 -> -0.0096997924 | P23: =L23*$M$18 -> 0.0021169398
A25: ось | B25: координата т. интегр. | D25: производные функции формы dNi/dξ | I25: матрица Якоби [J] | K25: detJ | M25: detJ* коэф
A26: ξ | B26: 0 | D26: =-0.5+B26 -> -0.5 | E26: =-2*B26 -> 0 | F26: =0.5+B26 -> 0.5 | I26: {=MMULT(D26:F26,$B$4:$B$6)} -> 0.5 | K26: =MDETERM(I26) -> 0.5 | M26: =K26*8/9 -> 0.44444444
D28: N1 | E28: N2 | F28: N3 | H28: NT | J28: NT*N | N28: NT*N*detJ*коэф
D29: =-B26*(1-B26)/2 -> 0 | E29: =(1-B26)*(1+B26) -> 1 | F29: =B26*(1+B26)/2 -> 0 | H29: {=TRANSPOSE(D29:F29)} -> 0 | J29: {=MMULT(H29:H31,D29:F29)} -> 0 | K29: 0 | L29: 0 | N29: =J29*$M$26 -> 0 | O29: =K29*$M$26 -> 0 | P29: =L29*$M$26 -> 0
H30: 1 | J30: 0 | K30: 1 | L30: 0 | N30: =J30*$M$26 -> 0 | O30: =K30*$M$26 -> 0.44444444 | P30: =L30*$M$26 -> 0
H31: 0 | J31: 0 | K31: 0 | L31: 0 | N31: =J31*$M$26 -> 0 | O31: =K31*$M$26 -> 0 | P31: =L31*$M$26 -> 0
A33: ось | B33: координата т. интегр. | D33: производные функции формы dNi/dξ | I33: матрица Якоби [J] | K33: detJ | M33: detJ* коэф
A34: ξ | B34: =0.774597 -> 0.774597 | D34: =-0.5+B34 -> 0.274597 | E34: =-2*B34 -> -1.549194 | F34: =0.5+B34 -> 1.274597 | I34: =MMULT(D34:F34,$B$4:$B$6) -> 0.5 | K34: =MDETERM(I34) -> 0.5 | M34: =K34*5/9 -> 0.27777778
D36: N1 | E36: N2 | F36: N3 | H36: NT | J36: NT*N | N36: NT*N*detJ*коэф
D37: =-B34*(1-B34)/2 -> -0.087298244 | E37: =(1-B34)*(1+B34) -> 0.39999949 | F37: =B34*(1+B34)/2 -> 0.68729876 | H37: {=TRANSPOSE(D37:F37)} -> -0.087298244 | J37: {=MMULT(H37:H39,D37:F37)} -> 0.0076209834 | K37: -0.034919253 | L37: -0.059999974 | N37: =J37*$M$18 -> 0.0021169398 | O37: =K37*$M$18 -> -0.0096997924 | P37: =L37*$M$18 -> -0.01666666
H38: 0.39999949 | J38: -0.034919253 | K38: 0.15999959 | L38: 0.27491915 | N38: =J38*$M$18 -> -0.0096997924 | O38: =K38*$M$18 -> 0.044444331 | P38: =L38*$M$18 -> 0.076366431
D39: =SUM(D37:F37) -> 1 | H39: 0.68729876 | J39: -0.059999974 | K39: 0.27491915 | L39: 0.47237958 | N39: =J39*$M$18 -> -0.01666666 | O39: =K39*$M$18 -> 0.076366431 | P39: =L39*$M$18 -> 0.13121655
M41: сумма | N41: =N21+N29+N37 -> 0.13333349 | O41: =O21+O29+O37 -> 0.066666638 | P41: =P21+P29+P37 -> -0.033333319
N42: =N22+N30+N38 -> 0.066666638 | O42: =O22+O30+O38 -> 0.53333311 | P42: =P22+P30+P38 -> 0.066666638
N43: =N23+N31+N39 -> -0.033333319 | O43: =O23+O31+O39 -> 0.066666638 | P43: =P23+P31+P39 -> 0.13333349
B45: для двух | N45: =SUM(N41:N43) -> 0.16666681 | O45: =SUM(O41:O43) -> 0.66666638
A47: ось | B47: координата т. интегр. | D47: производные функции формы dNi/dξ | I47: матрица Якоби [J] | K47: detJ | M47: detJ* коэф
A48: ξ | B48: 0.57735 | D48: =-0.5+B48 -> 0.07735 | E48: =-2*B48 -> -1.1547 | F48: =0.5+B48 -> 1.07735 | I48: =MMULT(D48:F48,$B$4:$B$6) -> 0.5 | K48: =MDETERM(I48) -> 0.5 | M48: =K48*1 -> 0.5
D50: N1 | E50: N2 | F50: N3 | H50: NT | J50: NT*N | N50: NT*N*detJ*коэф
D51: =-B48*(1-B48)/2 -> -0.12200849 | E51: =(1-B48)*(1+B48) -> 0.66666698 | F51: =B48*(1+B48)/2 -> 0.45534151 | H51: {=TRANSPOSE(D51:F51)} -> -0.12200849 | J51: {=MMULT(H51:H53,D51:F51)} -> 0.014886071 | K51: -0.08133903 | L51: -0.05555553 | N51: =J51*$M$48 -> 0.0074430357 | O51: =K51*$M$48 -> -0.040669515 | P51: =L51*$M$48 -> -0.027777765
H52: 0.66666698 | J52: -0.08133903 | K52: 0.44444486 | L52: 0.30356115 | N52: =J52*$M$48 -> -0.040669515 | O52: =K52*$M$48 -> 0.22222243 | P52: =L52*$M$48 -> 0.15178057
D53: =SUM(D51:F51) -> 1 | H53: 0.45534151 | J53: -0.05555553 | K53: 0.30356115 | L53: 0.20733589 | N53: =J53*$M$48 -> -0.027777765 | O53: =K53*$M$48 -> 0.15178057 | P53: =L53*$M$48 -> 0.10366795
A55: ось | B55: координата т. интегр. | D55: производные функции формы dNi/dξ | I55: матрица Якоби [J] | K55: detJ | M55: detJ* коэф
A56: ξ | B56: -0.57735 | D56: =-0.5+B56 -> -1.07735 | E56: =-2*B56 -> 1.1547 | F56: =0.5+B56 -> -0.07735 | I56: =MMULT(D56:F56,$B$4:$B$6) -> 0.5 | K56: =MDETERM(I56) -> 0.5 | M56: =K56*1 -> 0.5
D58: N1 | E58: N2 | F58: N3 | H58: NT | J58: NT*N | N58: NT*N*detJ*коэф
D59: =-B56*(1-B56)/2 -> 0.45534151 | E59: =(1-B56)*(1+B56) -> 0.66666698 | F59: =B56*(1+B56)/2 -> -0.12200849 | H59: {=TRANSPOSE(D59:F59)} -> 0.45534151 | J59: {=MMULT(H59:H61,D59:F59)} -> 0.20733589 | K59: 0.30356115 | L59: -0.05555553 | N59: =J59*$M$56 -> 0.10366795 | O59: =K59*$M$56 -> 0.15178057 | P59: =L59*$M$56 -> -0.027777765
H60: 0.66666698 | J60: 0.30356115 | K60: 0.44444486 | L60: -0.08133903 | N60: =J60*$M$56 -> 0.15178057 | O60: =K60*$M$56 -> 0.22222243 | P60: =L60*$M$56 -> -0.040669515
D61: =SUM(D59:F59) -> 1 | H61: -0.12200849 | J61: -0.05555553 | K61: -0.08133903 | L61: 0.014886071 | N61: =J61*$M$56 -> -0.027777765 | O61: =K61*$M$56 -> -0.040669515 | P61: =L61*$M$56 -> 0.0074430357
M63: сумма | N63: =N51+N59 -> 0.11111098 | O63: =O51+O59 -> 0.11111106 | P63: =P51+P59 -> -0.05555553
N64: =N52+N60 -> 0.11111106 | O64: =O52+O60 -> 0.44444486 | P64: =P52+P60 -> 0.11111106
N65: =N53+N61 -> -0.05555553 | O65: =O53+O61 -> 0.11111106 | P65: =P53+P61 -> 0.11111098
B67: для одной | N67: =SUM(N63:N65) -> 0.16666651 | O67: =SUM(O63:O65) -> 0.66666698
A69: ось | B69: координата т. интегр. | D69: производные функции формы dNi/dξ | I69: матрица Якоби [J] | K69: detJ | M69: detJ* коэф
A70: ξ | B70: 0 | D70: =-0.5+B70 -> -0.5 | E70: =-2*B70 -> 0 | F70: =0.5+B70 -> 0.5 | I70: =MMULT(D70:F70,$B$4:$B$6) -> 0.5 | K70: =MDETERM(I70) -> 0.5 | M70: =K70*2 -> 1
D72: N1 | E72: N2 | F72: N3 | H72: NT | J72: NT*N | N72: NT*N*detJ*коэф
D73: =-B70*(1-B70)/2 -> 0 | E73: =(1-B70)*(1+B70) -> 1 | F73: =B70*(1+B70)/2 -> 0 | H73: {=TRANSPOSE(D73:F73)} -> 0 | J73: {=MMULT(H73:H75,D73:F73)} -> 0 | K73: 0 | L73: 0 | N73: =J73*$M$70 -> 0 | O73: =K73*$M$70 -> 0 | P73: =L73*$M$70 -> 0 | R73: слишком мало точек….
H74: 1 | J74: 0 | K74: 1 | L74: 0 | N74: =J74*$M$70 -> 0 | O74: =K74*$M$70 -> 1 | P74: =L74*$M$70 -> 0
D75: =SUM(D73:F73) -> 1 | H75: 0 | J75: 0 | K75: 0 | L75: 0 | N75: =J75*$M$70 -> 0 | O75: =K75*$M$70 -> 0 | P75: =L75*$M$70 -> 0

Sheet +V тэтраэдра, NTNdetJ
B3: тэтраэдр
B7: что делали: рассмотрели производные функци форм черех L-координаты для 3-мерного случая.
B8: стр 276-280
B10: или через ф.формы у Киселева
B15: раскрыть скобки, привести подобные при Х
B24: функции формы для тэтраэдра
H25: производные функции формы для тэтраэдра
K26: раскрыть скобки, привести подобные при Х
C28: X | D28: Y | E28: Z | H28: опред | I28: V | W28: Киселев
B29: 5 | C29: 0 | D29: 0 | E29: 10 | F29: 1 | H29: =MDETERM(C29:F32) -> 1000 | I29: =ABS(H29/6) -> 166.66667
B30: 6 | C30: 10 | D30: 0 | E30: 10 | F30: 1
B31: 7 | C31: 10 | D31: 10 | E31: 10 | F31: 1
B32: 3 | C32: 10 | D32: 10 | E32: 0 | F32: 1
O33: про точки интегрирования и весовую функцию
A34: одна точка интегрирования | O34: https://ru.wikipedia.org/wiki/%D0%A1%D0%BF%D0%B8%D1%81%D0%BE%D0%BA_%D0%BA%D0%B2%D0%B0%D0%B4%D1%80%D0%B0%D1%82%D1%83%D1%80%D0%BD%D1%8B%D1%85_%D1%84%D0%BE%D1%80%D0%BC%D1%83%D0%BB#%D0%A2%D0%B5%D1%82%D1%80%D0%B0%D1%8D%D0%B4%D1%80%D0%B0%D0%BB%D1%8C%D0%BD%D1%8B%D0%B9_%D0%BC%D0%B0%D1%81%D1%82%D0%B5%D1%80-%D1%8D%D0%BB%D0%B5%D0%BC%D0%B5%D0%BD%D1%82
A36: ось | B36: координата т. интегр. | D36: производные функции формы | I36: матрица Якоби [J] | M36: detJ | O36: detJ* коэф
A37: ξ | B37: 0.25 | D37: -1 | E37: 1 | F37: 0 | G37: 0 | I37: {=MMULT(D37:G39,$C$29:$E$32)} -> 10 | J37: 0 | K37: 0 | M37: {=MDETERM(I37:K39)} -> -1000 | O37: =ABS(M37)*1/6 -> 166.66667
A38: η | B38: 0.25 | D38: -1 | E38: 0 | F38: 1 | G38: 0 | I38: 10 | J38: 10 | K38: 0
A39: ζ | B39: 0.25 | D39: -1 | E39: 0 | F39: 0 | G39: 1 | I39: 10 | J39: 10 | K39: -10
D41: N1 | E41: N2 | F41: N3 | G41: N4 | I41: NT | K41: NT*N | P41: NT*N*detJ*коэф
D42: =1-B37-B38-B39 -> 0.25 | E42: =B37 -> 0.25 | F42: =B38 -> 0.25 | G42: =B39 -> 0.25 | I42: {=TRANSPOSE(D42:G42)} -> 0.25 | K42: {=MMULT(I42:I45,D42:G42)} -> 0.0625 | L42: 0.0625 | M42: 0.0625 | N42: 0.0625 | O42: =SUM(P42:S42) -> 41.666667 | P42: =K42*$O$37 -> 10.416667 | Q42: =L42*$O$37 -> 10.416667 | R42: =M42*$O$37 -> 10.416667 | S42: =N42*$O$37 -> 10.416667
I43: 0.25 | K43: 0.0625 | L43: 0.0625 | M43: 0.0625 | N43: 0.0625 | P43: =K43*$O$37 -> 10.416667 | Q43: =L43*$O$37 -> 10.416667 | R43: =M43*$O$37 -> 10.416667 | S43: =N43*$O$37 -> 10.416667
D44: =SUM(D42:G42) -> 1 | I44: 0.25 | K44: 0.0625 | L44: 0.0625 | M44: 0.0625 | N44: 0.0625 | P44: =K44*$O$37 -> 10.416667 | Q44: =L44*$O$37 -> 10.416667 | R44: =M44*$O$37 -> 10.416667 | S44: =N44*$O$37 -> 10.416667
I45: 0.25 | K45: 0.0625 | L45: 0.0625 | M45: 0.0625 | N45: 0.0625 | P45: =K45*$O$37 -> 10.416667 | Q45: =L45*$O$37 -> 10.416667 | R45: =M45*$O$37 -> 10.416667 | S45: =N45*$O$37 -> 10.416667
P47: =SUM(P42:P45) -> 41.666667
A49: четыре точки интегрирвания
A50: 1
A51: ось | B51: координата т. интегр. | D51: производные функции формы | I51: матрица Якоби [J] | M51: detJ | O51: detJ* коэф
A52: ξ | B52: =(5+3*5^0.5)/20 -> 0.5854102 | D52: -1 | E52: 1 | F52: 0 | G52: 0 | I52: {=MMULT(D52:G54,$C$29:$E$32)} -> 10 | J52: 0 | K52: 0 | M52: {=MDETERM(I52:K54)} -> -1000 | O52: =ABS(M52)*1/24 -> 41.666667
A53: η | B53: =(5-5^0.5)/20 -> 0.1381966 | D53: -1 | E53: 0 | F53: 1 | G53: 0 | I53: 10 | J53: 10 | K53: 0
A54: ζ | B54: =(5-5^0.5)/20 -> 0.1381966 | D54: -1 | E54: 0 | F54: 0 | G54: 1 | I54: 10 | J54: 10 | K54: -10
D56: N1 | E56: N2 | F56: N3 | G56: N4 | I56: NT | K56: NT*N | P56: NT*N*detJ*коэф
D57: =1-B52-B53-B54 -> 0.1381966 | E57: =B52 -> 0.5854102 | F57: =B53 -> 0.1381966 | G57: =B54 -> 0.1381966 | I57: {=TRANSPOSE(D57:G57)} -> 0.1381966 | K57: {=MMULT(I57:I60,D57:G57)} -> 0.019098301 | L57: 0.080901699 | M57: 0.019098301 | N57: 0.019098301 | P57: =K57*$O$52 -> 0.79576252 | Q57: =L57*$O$52 -> 3.3709041 | R57: =M57*$O$52 -> 0.79576252 | S57: =N57*$O$52 -> 0.79576252
I58: 0.5854102 | K58: 0.080901699 | L58: 0.3427051 | M58: 0.080901699 | N58: 0.080901699 | P58: =K58*$O$52 -> 3.3709041 | Q58: =L58*$O$52 -> 14.279379 | R58: =M58*$O$52 -> 3.3709041 | S58: =N58*$O$52 -> 3.3709041
I59: 0.1381966 | K59: 0.019098301 | L59: 0.080901699 | M59: 0.019098301 | N59: 0.019098301 | P59: =K59*$O$52 -> 0.79576252 | Q59: =L59*$O$52 -> 3.3709041 | R59: =M59*$O$52 -> 0.79576252 | S59: =N59*$O$52 -> 0.79576252
I60: 0.1381966 | K60: 0.019098301 | L60: 0.080901699 | M60: 0.019098301 | N60: 0.019098301 | P60: =K60*$O$52 -> 0.79576252 | Q60: =L60*$O$52 -> 3.3709041 | R60: =M60*$O$52 -> 0.79576252 | S60: =N60*$O$52 -> 0.79576252
A61: 2
A62: ось | B62: координата т. интегр. | D62: производные функции формы | I62: матрица Якоби [J] | M62: detJ | O62: detJ* коэф
A63: ξ | B63: =(5-5^0.5)/20 -> 0.1381966 | D63: -1 | E63: 1 | F63: 0 | G63: 0 | I63: {=MMULT(D63:G65,$C$29:$E$32)} -> 10 | J63: 0 | K63: 0 | M63: {=MDETERM(I63:K65)} -> -1000 | O63: =ABS(M63)*1/24 -> 41.666667
A64: η | B64: =(5+3*5^0.5)/20 -> 0.5854102 | D64: -1 | E64: 0 | F64: 1 | G64: 0 | I64: 10 | J64: 10 | K64: 0
A65: ζ | B65: =(5-5^0.5)/20 -> 0.1381966 | D65: -1 | E65: 0 | F65: 0 | G65: 1 | I65: 10 | J65: 10 | K65: -10
D67: N1 | E67: N2 | F67: N3 | G67: N4 | I67: NT | K67: NT*N | P67: NT*N*detJ*коэф
D68: =1-B63-B64-B65 -> 0.1381966 | E68: =B63 -> 0.1381966 | F68: =B64 -> 0.5854102 | G68: =B65 -> 0.1381966 | I68: {=TRANSPOSE(D68:G68)} -> 0.1381966 | K68: {=MMULT(I68:I71,D68:G68)} -> 0.019098301 | L68: 0.019098301 | M68: 0.080901699 | N68: 0.019098301 | P68: =K68*$O$63 -> 0.79576252 | Q68: =L68*$O$63 -> 0.79576252 | R68: =M68*$O$63 -> 3.3709041 | S68: =N68*$O$63 -> 0.79576252
I69: 0.1381966 | K69: 0.019098301 | L69: 0.019098301 | M69: 0.080901699 | N69: 0.019098301 | P69: =K69*$O$63 -> 0.79576252 | Q69: =L69*$O$63 -> 0.79576252 | R69: =M69*$O$63 -> 3.3709041 | S69: =N69*$O$63 -> 0.79576252
I70: 0.5854102 | K70: 0.080901699 | L70: 0.080901699 | M70: 0.3427051 | N70: 0.080901699 | P70: =K70*$O$63 -> 3.3709041 | Q70: =L70*$O$63 -> 3.3709041 | R70: =M70*$O$63 -> 14.279379 | S70: =N70*$O$63 -> 3.3709041
I71: 0.1381966 | K71: 0.019098301 | L71: 0.019098301 | M71: 0.080901699 | N71: 0.019098301 | P71: =K71*$O$63 -> 0.79576252 | Q71: =L71*$O$63 -> 0.79576252 | R71: =M71*$O$63 -> 3.3709041 | S71: =N71*$O$63 -> 0.79576252
A72: 3
A73: ось | B73: координата т. интегр. | D73: производные функции формы | I73: матрица Якоби [J] | M73: detJ | O73: detJ* коэф
A74: ξ | B74: =(5-5^0.5)/20 -> 0.1381966 | D74: -1 | E74: 1 | F74: 0 | G74: 0 | I74: {=MMULT(D74:G76,$C$29:$E$32)} -> 10 | J74: 0 | K74: 0 | M74: {=MDETERM(I74:K76)} -> -1000 | O74: =ABS(M74)*1/24 -> 41.666667
A75: η | B75: =(5-5^0.5)/20 -> 0.1381966 | D75: -1 | E75: 0 | F75: 1 | G75: 0 | I75: 10 | J75: 10 | K75: 0
A76: ζ | B76: =(5+3*5^0.5)/20 -> 0.5854102 | D76: -1 | E76: 0 | F76: 0 | G76: 1 | I76: 10 | J76: 10 | K76: -10
D78: N1 | E78: N2 | F78: N3 | G78: N4 | I78: NT | K78: NT*N | P78: NT*N*detJ*коэф
D79: =1-B74-B75-B76 -> 0.1381966 | E79: =B74 -> 0.1381966 | F79: =B75 -> 0.1381966 | G79: =B76 -> 0.5854102 | I79: {=TRANSPOSE(D79:G79)} -> 0.1381966 | K79: {=MMULT(I79:I82,D79:G79)} -> 0.019098301 | L79: 0.019098301 | M79: 0.019098301 | N79: 0.080901699 | P79: =K79*$O$74 -> 0.79576252 | Q79: =L79*$O$74 -> 0.79576252 | R79: =M79*$O$74 -> 0.79576252 | S79: =N79*$O$74 -> 3.3709041
I80: 0.1381966 | K80: 0.019098301 | L80: 0.019098301 | M80: 0.019098301 | N80: 0.080901699 | P80: =K80*$O$74 -> 0.79576252 | Q80: =L80*$O$74 -> 0.79576252 | R80: =M80*$O$74 -> 0.79576252 | S80: =N80*$O$74 -> 3.3709041
I81: 0.1381966 | K81: 0.019098301 | L81: 0.019098301 | M81: 0.019098301 | N81: 0.080901699 | P81: =K81*$O$74 -> 0.79576252 | Q81: =L81*$O$74 -> 0.79576252 | R81: =M81*$O$74 -> 0.79576252 | S81: =N81*$O$74 -> 3.3709041
I82: 0.5854102 | K82: 0.080901699 | L82: 0.080901699 | M82: 0.080901699 | N82: 0.3427051 | P82: =K82*$O$74 -> 3.3709041 | Q82: =L82*$O$74 -> 3.3709041 | R82: =M82*$O$74 -> 3.3709041 | S82: =N82*$O$74 -> 14.279379
A83: 4
A84: ось | B84: координата т. интегр. | D84: производные функции формы | I84: матрица Якоби [J] | M84: detJ | O84: detJ* коэф
A85: ξ | B85: =(5-5^0.5)/20 -> 0.1381966 | D85: -1 | E85: 1 | F85: 0 | G85: 0 | I85: {=MMULT(D85:G87,$C$29:$E$32)} -> 10 | J85: 0 | K85: 0 | M85: {=MDETERM(I85:K87)} -> -1000 | O85: =ABS(M85)*1/24 -> 41.666667
A86: η | B86: =(5-5^0.5)/20 -> 0.1381966 | D86: -1 | E86: 0 | F86: 1 | G86: 0 | I86: 10 | J86: 10 | K86: 0
A87: ζ | B87: =(5-5^0.5)/20 -> 0.1381966 | D87: -1 | E87: 0 | F87: 0 | G87: 1 | I87: 10 | J87: 10 | K87: -10
D89: N1 | E89: N2 | F89: N3 | G89: N4 | I89: NT | K89: NT*N | P89: NT*N*detJ*коэф
D90: =1-B85-B86-B87 -> 0.5854102 | E90: =B85 -> 0.1381966 | F90: =B86 -> 0.1381966 | G90: =B87 -> 0.1381966 | I90: {=TRANSPOSE(D90:G90)} -> 0.5854102 | K90: {=MMULT(I90:I93,D90:G90)} -> 0.3427051 | L90: 0.080901699 | M90: 0.080901699 | N90: 0.080901699 | P90: =K90*$O$85 -> 14.279379 | Q90: =L90*$O$85 -> 3.3709041 | R90: =M90*$O$85 -> 3.3709041 | S90: =N90*$O$85 -> 3.3709041
I91: 0.1381966 | K91: 0.080901699 | L91: 0.019098301 | M91: 0.019098301 | N91: 0.019098301 | P91: =K91*$O$85 -> 3.3709041 | Q91: =L91*$O$85 -> 0.79576252 | R91: =M91*$O$85 -> 0.79576252 | S91: =N91*$O$85 -> 0.79576252
D92: =SUM(D90:G90) -> 1 | I92: 0.1381966 | K92: 0.080901699 | L92: 0.019098301 | M92: 0.019098301 | N92: 0.019098301 | P92: =K92*$O$85 -> 3.3709041 | Q92: =L92*$O$85 -> 0.79576252 | R92: =M92*$O$85 -> 0.79576252 | S92: =N92*$O$85 -> 0.79576252
I93: 0.1381966 | K93: 0.080901699 | L93: 0.019098301 | M93: 0.019098301 | N93: 0.019098301 | P93: =K93*$O$85 -> 3.3709041 | Q93: =L93*$O$85 -> 0.79576252 | R93: =M93*$O$85 -> 0.79576252 | S93: =N93*$O$85 -> 0.79576252
O95: сумма | P95: =SUM(P57+P68+P79+P90) -> 16.666667 | Q95: =SUM(Q57+Q68+Q79+Q90) -> 8.3333333 | R95: =SUM(R57+R68+R79+R90) -> 8.3333333 | S95: =SUM(S57+S68+S79+S90) -> 8.3333333
P96: =SUM(P58+P69+P80+P91) -> 8.3333333 | Q96: =SUM(Q58+Q69+Q80+Q91) -> 16.666667 | R96: =SUM(R58+R69+R80+R91) -> 8.3333333 | S96: =SUM(S58+S69+S80+S91) -> 8.3333333
P97: =SUM(P59+P70+P81+P92) -> 8.3333333 | Q97: =SUM(Q59+Q70+Q81+Q92) -> 8.3333333 | R97: =SUM(R59+R70+R81+R92) -> 16.666667 | S97: =SUM(S59+S70+S81+S92) -> 8.3333333
P98: =SUM(P60+P71+P82+P93) -> 8.3333333 | Q98: =SUM(Q60+Q71+Q82+Q93) -> 8.3333333 | R98: =SUM(R60+R71+R82+R93) -> 8.3333333 | S98: =SUM(S60+S71+S82+S93) -> 16.666667
P100: =SUM(P95:P98) -> 41.666667
P103: =P95*20/O37 -> 2

Sheet треугольник
C3: X | D3: Y
B4: 5 | C4: 0 | D4: 0
B5: 6 | C5: 4 | D5: 0
B6: 7 | C6: 0 | D6: 2
O8: про точки интегрирования и весовую функцию
A9: одна точка интегрирования | O9: https://ru.wikipedia.org/wiki/%D0%A1%D0%BF%D0%B8%D1%81%D0%BE%D0%BA_%D0%BA%D0%B2%D0%B0%D0%B4%D1%80%D0%B0%D1%82%D1%83%D1%80%D0%BD%D1%8B%D1%85_%D1%84%D0%BE%D1%80%D0%BC%D1%83%D0%BB#%D0%A2%D0%B5%D1%82%D1%80%D0%B0%D1%8D%D0%B4%D1%80%D0%B0%D0%BB%D1%8C%D0%BD%D1%8B%D0%B9_%D0%BC%D0%B0%D1%81%D1%82%D0%B5%D1%80-%D1%8D%D0%BB%D0%B5%D0%BC%D0%B5%D0%BD%D1%82
A11: ось | B11: координата т. интегр. | D11: производные функции формы | I11: матрица Якоби [J] | M11: detJ | O11: detJ* коэф
A12: ξ | B12: =1/3 -> 0.33333333 | D12: -1 | E12: 1 | F12: 0 | I12: {=MMULT(D12:F13,C4:D6)} -> 4 | J12: 0 | M12: =MDETERM(I12:J13) -> 8 | O12: =M12*0.5 -> 4
A13: η | B13: =1/3 -> 0.33333333 | D13: -1 | E13: 0 | F13: 1 | I13: 0 | J13: 2
D16: N1 | E16: N2 | F16: N3 | H16: NT | J16: NT*N | N16: NT*N*detJ*коэф
D17: =1-B12-B13 -> 0.33333333 | E17: =B12 -> 0.33333333 | F17: =B13 -> 0.33333333 | H17: {=TRANSPOSE(D17:F17)} -> 0.33333333 | J17: {=MMULT(H17:H19,D17:F17)} -> 0.11111111 | K17: 0.11111111 | L17: 0.11111111 | N17: =J17*$O$12 -> 0.44444444 | O17: =K17*$O$12 -> 0.44444444 | P17: =L17*$O$12 -> 0.44444444
H18: 0.33333333 | J18: 0.11111111 | K18: 0.11111111 | L18: 0.11111111 | N18: =J18*$O$12 -> 0.44444444 | O18: =K18*$O$12 -> 0.44444444 | P18: =L18*$O$12 -> 0.44444444
D19: =SUM(D17:F17) -> 1 | H19: 0.33333333 | J19: 0.11111111 | K19: 0.11111111 | L19: 0.11111111 | N19: =J19*$O$12 -> 0.44444444 | O19: =K19*$O$12 -> 0.44444444 | P19: =L19*$O$12 -> 0.44444444
A21: три точки интегрирования
A22: с | B22: координата т. интегр. | D22: производные функции формы | I22: матрица Якоби [J] | M22: detJ | O22: detJ* коэф | Q22: S | R22: =O23+O33+O43 -> 4
A23: ξ | B23: 0.5 | D23: -1 | E23: 1 | F23: 0 | I23: {=MMULT(D23:F24,C4:D6)} -> 4 | J23: 0 | M23: =MDETERM(I23:J24) -> 8 | O23: =M23*1/6 -> 1.3333333
A24: η | B24: 0 | D24: -1 | E24: 0 | F24: 1 | I24: 0 | J24: 2
D27: N1 | E27: N2 | F27: N3 | H27: NT | J27: NT*N | N27: NT*N*detJ*коэф
D28: =1-B23-B24 -> 0.5 | E28: =B23 -> 0.5 | F28: =B24 -> 0 | H28: {=TRANSPOSE(D28:F28)} -> 0.5 | J28: {=MMULT(H28:H30,D28:F28)} -> 0.25 | K28: 0.25 | L28: 0 | N28: =J28*$O$23 -> 0.33333333 | O28: =K28*$O$23 -> 0.33333333 | P28: =L28*$O$23 -> 0
H29: 0.5 | J29: 0.25 | K29: 0.25 | L29: 0 | N29: =J29*$O$23 -> 0.33333333 | O29: =K29*$O$23 -> 0.33333333 | P29: =L29*$O$23 -> 0
D30: =SUM(D28:F28) -> 1 | H30: 0 | J30: 0 | K30: 0 | L30: 0 | N30: =J30*$O$23 -> 0 | O30: =K30*$O$12 -> 0 | P30: =L30*$O$12 -> 0
A32: с | B32: координата т. интегр. | D32: производные функции формы | I32: матрица Якоби [J] | M32: detJ | O32: detJ* коэф
A33: ξ | B33: 0 | D33: -1 | E33: 1 | F33: 0 | I33: {=MMULT(D33:F34,C4:D6)} -> 4 | J33: 0 | M33: =MDETERM(I33:J34) -> 8 | O33: =M33*1/6 -> 1.3333333
A34: η | B34: 0.5 | D34: -1 | E34: 0 | F34: 1 | I34: 0 | J34: 2
D37: N1 | E37: N2 | F37: N3 | H37: NT | J37: NT*N | N37: NT*N*detJ*коэф
D38: =1-B33-B34 -> 0.5 | E38: =B33 -> 0 | F38: =B34 -> 0.5 | H38: {=TRANSPOSE(D38:F38)} -> 0.5 | J38: {=MMULT(H38:H40,D38:F38)} -> 0.25 | K38: 0 | L38: 0.25 | N38: =J38*$O$33 -> 0.33333333 | O38: =K38*$O$33 -> 0 | P38: =L38*$O$33 -> 0.33333333
H39: 0 | J39: 0 | K39: 0 | L39: 0 | N39: =J39*$O$33 -> 0 | O39: =K39*$O$33 -> 0 | P39: =L39*$O$33 -> 0
D40: =SUM(D38:F38) -> 1 | H40: 0.5 | J40: 0.25 | K40: 0 | L40: 0.25 | N40: =J40*$O$33 -> 0.33333333 | O40: =K40*$O$33 -> 0 | P40: =L40*$O$33 -> 0.33333333
A42: с | B42: координата т. интегр. | D42: производные функции формы | I42: матрица Якоби [J] | M42: detJ | O42: detJ* коэф
A43: ξ | B43: 0.5 | D43: -1 | E43: 1 | F43: 0 | I43: {=MMULT(D43:F44,C4:D6)} -> 4 | J43: 0 | M43: =MDETERM(I43:J44) -> 8 | O43: =M43*1/6 -> 1.3333333
A44: η | B44: 0.5 | D44: -1 | E44: 0 | F44: 1 | I44: 0 | J44: 2
D47: N1 | E47: N2 | F47: N3 | H47: NT | J47: NT*N | N47: NT*N*detJ*коэф
D48: =1-B43-B44 -> 0 | E48: =B43 -> 0.5 | F48: =B44 -> 0.5 | H48: {=TRANSPOSE(D48:F48)} -> 0 | J48: {=MMULT(H48:H50,D48:F48)} -> 0 | K48: 0 | L48: 0 | N48: =J48*$O$43 -> 0 | O48: =K48*$O$43 -> 0 | P48: =L48*$O$43 -> 0
H49: 0.5 | J49: 0 | K49: 0.25 | L49: 0.25 | N49: =J49*$O$43 -> 0 | O49: =K49*$O$43 -> 0.33333333 | P49: =L49*$O$43 -> 0.33333333
D50: =SUM(D48:F48) -> 1 | H50: 0.5 | J50: 0 | K50: 0.25 | L50: 0.25 | N50: =J50*$O$43 -> 0 | O50: =K50*$O$43 -> 0.33333333 | P50: =L50*$O$43 -> 0.33333333
R52: Rm | U52: Rm | W52: 2pi*Rm
M53: сумм | N53: =N28+N38+N48 -> 0.66666667 | O53: =O28+O38+O48 -> 0.33333333 | P53: =P28+P38+P48 -> 0.33333333 | R53: ri | S53: =(C4^2+D4^2)^0.5 -> 0 | U53: =(SUM(S53:S55))/3 -> 2 | W53: =2*3.14*U53 -> 12.56
N54: =N29+N39+N49 -> 0.33333333 | O54: =O29+O39+O49 -> 0.66666667 | P54: =P29+P39+P49 -> 0.33333333 | R54: rj | S54: =(C5^2+D5^2)^0.5 -> 4
N55: =N30+N40+N50 -> 0.33333333 | O55: =O30+O40+O50 -> 0.33333333 | P55: =P30+P40+P50 -> 0.66666667 | R55: rk | S55: =(C6^2+D6^2)^0.5 -> 2
N57: =N53*$W$53 -> 8.3733333 | O57: =O53*$W$53 -> 4.1866667 | P57: =P53*$W$53 -> 4.1866667 | R57: формула 3,58 стр 68 Шабров
N58: =N54*$W$53 -> 4.1866667 | O58: =O54*$W$53 -> 8.3733333 | P58: =P54*$W$53 -> 4.1866667
N59: =N55*$W$53 -> 4.1866667 | O59: =O55*$W$53 -> 4.1866667 | P59: =P55*$W$53 -> 8.3733333
N61: =N57*$U$53 -> 16.746667 | O61: =O57*$U$53 -> 8.3733333 | P61: =P57*$U$53 -> 8.3733333 | R61: 11,15 стр 204 Сигерлинд
N62: =N58*$U$53 -> 8.3733333 | O62: =O58*$U$53 -> 16.746667 | P62: =P58*$U$53 -> 8.3733333
N63: =N59*$U$53 -> 8.3733333 | O63: =O59*$U$53 -> 8.3733333 | P63: =P59*$U$53 -> 16.746667
