Workbook

Sheet 1 лист компоненты тензора
B1: Sx | C1: Sy | D1: Sz | E1: Sxy | F1: Sxz | G1: Syz
A2: элемент 1 | B2: 100 | C2: 33.3334 | D2: 299.9999 | E2: -33.3333 | F2: -299.9999 | G2: 9.402776e-06
A3: элемент 2 | B3: 100 | C3: 33.3334 | D3: 299.9999 | E3: 33.3333 | F3: 299.9999 | G3: 9.402776e-06
B5: в направлении х | C5: в направлении y | D5: в направлении z
A32: Писаренко Г.С., Можаровский Н.С. Уравнения и краевые задачи теории пластичности и ползучести
P34: таблица cos-ов
I35: σx | J35: σy | K35: σz | L35: τxy | M35: τyz | N35: τzx | Q35: x | R35: y | S35: z | T35: старые координаты
H36: элемент 1 | I36: =B2 -> 100 | J36: =C2 -> 33.3334 | K36: =D2 -> 299.9999 | L36: =E2 -> -33.3333 | M36: =F2 -> -299.9999 | N36: =G2 -> 9.402776e-06 | P36: x' | Q36: ='2 лист cos'!H7 -> 0.70710678 | R36: ='2 лист cos'!I7 -> 0.70710678 | S36: ='2 лист cos'!J7 -> 0
H37: элемент 2 | I37: =B3 -> 100 | J37: =C3 -> 33.3334 | K37: =D3 -> 299.9999 | L37: =E3 -> 33.3333 | M37: =F3 -> 299.9999 | N37: =G3 -> 9.402776e-06 | P37: y' | Q37: ='2 лист cos'!H8 -> 0.40824829 | R37: ='2 лист cos'!I8 -> -0.40824829 | S37: ='2 лист cos'!J8 -> 0.81649658
P38: z' | Q38: ='2 лист cos'!H9 -> 0.57735027 | R38: ='2 лист cos'!I9 -> -0.57735027 | S38: ='2 лист cos'!J9 -> -0.57735027
P40: в этой таблице данные с листа '2 лист cos', на том листе мы пробуем разные плоскости, а тут смотрим результат по компонентам тензора
I47: σx' | J47: σy' | K47: σz' | L47: τxy' | M47: τyz' | N47: τzx' | O47: формула 1.46
H48: элемент 1 | I48: =I36*$Q$36^2+J36*$R$36^2+K36*$S$36^2+2*L36*$Q$36*$R$36+2*M36*$R$36*$S$36+2*N36*$S$36*$Q$36 -> 33.3334 | J48: =I36*$Q$37^2+J36*$R$37^2+K36*$S$37^2+2*L36*$Q$37*$R$37+2*M36*$R$37*$S$37+2*N36*$S$37*$Q$37 -> 433.33321 | K48: =I36*$Q$38^2+J36*$R$38^2+K36*$S$38^2+2*L36*$Q$38*$R$38+2*M36*$R$38*$S$38+2*N36*$Q$38*$S$38 -> -33.333306 | L48: =I36*$Q$36*$Q$37+J36*$R$36*$R$37+K36*$S$36*$S$37+($Q$36*$R$37+$R$36*$Q$37)*L36+($R$36*$S$37+$S$36*$R$37)*M36+($S$36*$Q$37+$Q$36*$S$37)*N36 -> -153.96003 | M48: =I36*$Q$37*$Q$38+J36*$R$37*$R$38+K36*$S$37*$S$38+($Q$37*$R$38+$R$37*$Q$38)*L36+($R$37*$S$38+$S$37*$R$38)*M36+($S$37*$Q$38+$S$38*$Q$37)*N36 -> -23.5702 | N48: =I36*$Q$38*$Q36+J36*$R$38*$R$36+K36*$S$38*$S$36+($Q$38*$R$36+$Q$36*$R$38)*L36+($R$38*$S$36+$S$38*$R$36)*M36+($Q$36*$S$38+$S$36*$Q$38)*N36 -> 149.69097
H49: элемент 2 | I49: =I37*$Q$36^2+J37*$R$36^2+K37*$S$36^2+2*L37*$Q$36*$R$36+2*M37*$R$36*$S$36+2*N37*$S$36*$Q$36 -> 100 | J49: =I37*$Q$37^2+J37*$R$37^2+K37*$S$37^2+2*L37*$Q$37*$R$37+2*M37*$R$37*$S$37+2*N37*$S$37*$Q$37 -> 11.11114 | K49: =I37*$Q$38^2+J37*$R$38^2+K37*$S$38^2+2*L37*$Q$38*$R$38+2*M37*$R$38*$S$38+2*N37*$Q$38*$S$38 -> 322.22216 | L49: =I37*$Q$36*$Q$37+J37*$R$36*$R$37+K37*$S$36*$S$37+($Q$36*$R$37+$R$36*$Q$37)*L37+($R$36*$S$37+$S$36*$R$37)*M37+($S$36*$Q$37+$Q$36*$S$37)*N37 -> 192.45002 | M49: =I37*$Q$37*$Q$38+J37*$R$37*$R$38+K37*$S$37*$S$38+($Q$37*$R$38+$R$37*$Q$38)*L37+($R$37*$S$38+$S$37*$R$38)*M37+($S$37*$Q$38+$S$38*$Q$37)*N37 -> -196.41845 | N49: =I37*$Q$38*$Q37+J37*$R$38*$R$36+K37*$S$38*$S$36+($Q$38*$R$36+$Q$36*$R$38)*L37+($R$38*$S$36+$S$38*$R$36)*M37+($Q$36*$S$38+$S$36*$Q$38)*N37 -> -112.51253
I50: =I38*$Q$36^2+J38*$R$36^2+K38*$S$36^2+2*L38*$Q$36*$R$36+2*M38*$R$36*$S$36+2*N38*$S$36*$Q$36 -> 0 | J50: =I38*$Q$37^2+J38*$R$37^2+K38*$S$37^2+2*L38*$Q$37*$R$37+2*M38*$R$37*$S$37+2*N38*$S$37*$Q$37 -> 0 | K50: =I38*$Q$38^2+J38*$R$38^2+K38*$S$38^2+2*L38*$Q$38*$R$38+2*M38*$R$38*$S$38+2*N38*$Q$38*$S$38 -> 0 | L50: =I38*$Q$36*$Q$37+J38*$R$36*$R$37+K38*$S$36*$S$37+($Q$36*$R$37+$R$36*$Q$37)*L38+($R$36*$S$37+$S$36*$R$37)*M38+($S$36*$Q$37+$Q$36*$S$37)*N38 -> 0 | M50: =I38*$Q$37*$Q$38+J38*$R$37*$R$38+K38*$S$37*$S$38+($Q$37*$R$38+$R$37*$Q$38)*L38+($R$37*$S$38+$S$37*$R$38)*M38+($S$37*$Q$38+$S$38*$Q$37)*N38 -> 0 | N50: =I38*$Q$38*$Q38+J38*$R$38*$R$36+K38*$S$38*$S$36+($Q$38*$R$36+$Q$36*$R$38)*L38+($R$38*$S$36+$S$38*$R$36)*M38+($Q$36*$S$38+$S$36*$Q$38)*N38 -> 0
I51: =I39*$Q$36^2+J39*$R$36^2+K39*$S$36^2+2*L39*$Q$36*$R$36+2*M39*$R$36*$S$36+2*N39*$S$36*$Q$36 -> 0 | J51: =I39*$Q$37^2+J39*$R$37^2+K39*$S$37^2+2*L39*$Q$37*$R$37+2*M39*$R$37*$S$37+2*N39*$S$37*$Q$37 -> 0 | K51: =I39*$Q$38^2+J39*$R$38^2+K39*$S$38^2+2*L39*$Q$38*$R$38+2*M39*$R$38*$S$38+2*N39*$Q$38*$S$38 -> 0 | L51: =I39*$Q$36*$Q$37+J39*$R$36*$R$37+K39*$S$36*$S$37+($Q$36*$R$37+$R$36*$Q$37)*L39+($R$36*$S$37+$S$36*$R$37)*M39+($S$36*$Q$37+$Q$36*$S$37)*N39 -> 0 | M51: =I39*$Q$37*$Q$38+J39*$R$37*$R$38+K39*$S$37*$S$38+($Q$37*$R$38+$R$37*$Q$38)*L39+($R$37*$S$38+$S$37*$R$38)*M39+($S$37*$Q$38+$S$38*$Q$37)*N39 -> 0 | N51: =I39*$Q$38*$Q39+J39*$R$38*$R$36+K39*$S$38*$S$36+($Q$38*$R$36+$Q$36*$R$38)*L39+($R$38*$S$36+$S$38*$R$36)*M39+($Q$36*$S$38+$S$36*$Q$38)*N39 -> 0
I52: =I40*$Q$36^2+J40*$R$36^2+K40*$S$36^2+2*L40*$Q$36*$R$36+2*M40*$R$36*$S$36+2*N40*$S$36*$Q$36 -> 0 | J52: =I40*$Q$37^2+J40*$R$37^2+K40*$S$37^2+2*L40*$Q$37*$R$37+2*M40*$R$37*$S$37+2*N40*$S$37*$Q$37 -> 0 | K52: =I40*$Q$38^2+J40*$R$38^2+K40*$S$38^2+2*L40*$Q$38*$R$38+2*M40*$R$38*$S$38+2*N40*$Q$38*$S$38 -> 0 | L52: =I40*$Q$36*$Q$37+J40*$R$36*$R$37+K40*$S$36*$S$37+($Q$36*$R$37+$R$36*$Q$37)*L40+($R$36*$S$37+$S$36*$R$37)*M40+($S$36*$Q$37+$Q$36*$S$37)*N40 -> 0 | M52: =I40*$Q$37*$Q$38+J40*$R$37*$R$38+K40*$S$37*$S$38+($Q$37*$R$38+$R$37*$Q$38)*L40+($R$37*$S$38+$S$37*$R$38)*M40+($S$37*$Q$38+$S$38*$Q$37)*N40 -> 0 | N52: =I40*$Q$38*$Q40+J40*$R$38*$R$36+K40*$S$38*$S$36+($Q$38*$R$36+$Q$36*$R$38)*L40+($R$38*$S$36+$S$38*$R$36)*M40+($Q$36*$S$38+$S$36*$Q$38)*N40 -> 0
I53: =I41*$Q$36^2+J41*$R$36^2+K41*$S$36^2+2*L41*$Q$36*$R$36+2*M41*$R$36*$S$36+2*N41*$S$36*$Q$36 -> 0 | J53: =I41*$Q$37^2+J41*$R$37^2+K41*$S$37^2+2*L41*$Q$37*$R$37+2*M41*$R$37*$S$37+2*N41*$S$37*$Q$37 -> 0 | K53: =I41*$Q$38^2+J41*$R$38^2+K41*$S$38^2+2*L41*$Q$38*$R$38+2*M41*$R$38*$S$38+2*N41*$Q$38*$S$38 -> 0 | L53: =I41*$Q$36*$Q$37+J41*$R$36*$R$37+K41*$S$36*$S$37+($Q$36*$R$37+$R$36*$Q$37)*L41+($R$36*$S$37+$S$36*$R$37)*M41+($S$36*$Q$37+$Q$36*$S$37)*N41 -> 0 | M53: =I41*$Q$37*$Q$38+J41*$R$37*$R$38+K41*$S$37*$S$38+($Q$37*$R$38+$R$37*$Q$38)*L41+($R$37*$S$38+$S$37*$R$38)*M41+($S$37*$Q$38+$S$38*$Q$37)*N41 -> 0 | N53: =I41*$Q$38*$Q41+J41*$R$38*$R$36+K41*$S$38*$S$36+($Q$38*$R$36+$Q$36*$R$38)*L41+($R$38*$S$36+$S$38*$R$36)*M41+($Q$36*$S$38+$S$36*$Q$38)*N41 -> 0
I54: =I42*$Q$36^2+J42*$R$36^2+K42*$S$36^2+2*L42*$Q$36*$R$36+2*M42*$R$36*$S$36+2*N42*$S$36*$Q$36 -> 0 | J54: =I42*$Q$37^2+J42*$R$37^2+K42*$S$37^2+2*L42*$Q$37*$R$37+2*M42*$R$37*$S$37+2*N42*$S$37*$Q$37 -> 0 | K54: =I42*$Q$38^2+J42*$R$38^2+K42*$S$38^2+2*L42*$Q$38*$R$38+2*M42*$R$38*$S$38+2*N42*$Q$38*$S$38 -> 0 | L54: =I42*$Q$36*$Q$37+J42*$R$36*$R$37+K42*$S$36*$S$37+($Q$36*$R$37+$R$36*$Q$37)*L42+($R$36*$S$37+$S$36*$R$37)*M42+($S$36*$Q$37+$Q$36*$S$37)*N42 -> 0 | M54: =I42*$Q$37*$Q$38+J42*$R$37*$R$38+K42*$S$37*$S$38+($Q$37*$R$38+$R$37*$Q$38)*L42+($R$37*$S$38+$S$37*$R$38)*M42+($S$37*$Q$38+$S$38*$Q$37)*N42 -> 0 | N54: =I42*$Q$38*$Q42+J42*$R$38*$R$36+K42*$S$38*$S$36+($Q$38*$R$36+$Q$36*$R$38)*L42+($R$38*$S$36+$S$38*$R$36)*M42+($Q$36*$S$38+$S$36*$Q$38)*N42 -> 0

Sheet 3 лист смещение источника
B1: точки
B2: x | C2: y | D2: z
A3: 1 (начало) | B3: 0 | C3: 0 | D3: 0
A4: 2 | B4: 1 | C4: 0 | D4: 1
A5: 3 | B5: 0 | C5: 1 | D5: 0
B7: вектора
B8: x | C8: y | D8: z | J8: длина вектора
A9: единичный вектор | B9: 1 | C9: 1 | D9: 1
A10: 1 (ось x) | B10: =B4-B3 -> 1 | C10: =C4-C3 -> 0 | D10: =D4-D3 -> 1 | J10: =(B10^2+C10^2+D10^2)^0.5 -> 1.4142136
A11: 2 (ось y) | B11: =B5-B3 -> 0 | C11: =C5-C3 -> 1 | D11: =D5-D3 -> 0 | F11: x | G11: y | H11: z | J11: =(B11^2+C11^2+D11^2)^0.5 -> 1
A12: 3 (ось z) | B12: сюда не смотрим | E12: или | F12: =C10*D11-D10*C11 -> -1 | G12: =B10*D11-D10*B11 -> 0 | H12: =B10*C11-C10*B11 -> 1 | J12: =(F12^2+G12^2+H12^2)^0.5 -> 1.4142136
A14: проверка, являются ли вектора 1, 2 перпендикулярными
A16: скалярное произвед 1 и 2 | B16: =B10*B11+C10*C11+D10*D11 -> 0
A17: cos(1^2) | B17: =B16/(J10*J11) -> 0 | C17: =IF(B17=0,"все супер","какой-то затык") -> все супер
A19: нужно проверить, правосторонний или левосторонний (договоримся, что право)
A21: радиус источника | B21: 5
A23: сдвигаем. Нужно чтобы длина вестора z увеличилась на радиус источника (заглубилась)
A24: получаем коллинеарный вектор с новой длиной и одним концом
A25: вектора коллинеарны, если скалярное произведение 0
B26: =B21+J12 -> 6.4142136
A28: лямбда | B28: =B26/J12 -> 4.5355339
A30: значит вектор будет с такими координатами | B30: =$B$28*F12 -> -4.5355339 | C30: =$B$28*G12 -> 0 | D30: =$B$28*H12 -> 4.5355339
A32: значит точка, где будет источник, сместится
B33: =F12-B30 -> 3.5355339 | C33: =G12-C30 -> 0 | D33: =H12-D30 -> -3.5355339

Sheet 2 лист cos
B2: а теперь самое интересное, как получить углы, если известны лишь три точки в новой плоскости…
B3: cos, которые мы заслужили получили
B4: здесь можно ввести их вручную | G4: посчитать самостоятельно по 3м точкам
B5: (но тогда поменять сылке на листе 1)
C6: x | D6: y | E6: z | H6: x | I6: y | J6: z | K6: (результат тут выводится после расчета)
B7: x' | C7: 0 | D7: 1 | E7: 0 | G7: x' | H7: =C72 -> 0.70710678 | I7: =D72 -> 0.70710678 | J7: =E72 -> 0
B8: y' | C8: -1 | D8: 0 | E8: 0 | F8: или | G8: y' | H8: =C73 -> 0.40824829 | I8: =D73 -> -0.40824829 | J8: =E73 -> 0.81649658
B9: z' | C9: 0 | D9: 0 | E9: 1 | G9: z' | H9: =C74 -> 0.57735027 | I9: =D74 -> -0.57735027 | J9: =E74 -> -0.57735027
B11: есть три точки исходные
C12: x | D12: y | E12: z | J12: 0 | K12: -1 | L12: 0 | N12: {=MMULT(J12:K13,L12:L13)} -> 4 | P12: 0 | Q12: 0 | R12: =-J9/H9 -> 1 | T12: 0 | V12: {=MMULT(P12:R14,T12:T14)} -> 2
A13: начало | B13: 1 | C13: -1 | D13: 0 | E13: 0 | J13: 0 | K13: 1 | L13: -4 | N13: -4 | P13: 0 | Q13: 0 | R13: =-J9/I9 -> -1 | T13: 0 | V13: -2
B14: 2 | C14: 0 | D14: 1 | E14: 0 | P14: 0 | Q14: 0 | R14: 1 | T14: 2 | V14: 2
B15: 3 | C15: 0 | D15: 0 | E15: 1
B17: пусть первый вектор ( ось X')
C18: x | D18: y | E18: z
C19: =C14-C13 -> 1 | D19: =D14-D13 -> 1 | E19: =E14-E13 -> 0
B21: уравнение плоскости по 3м точкам
B30: A | F30: B | J30: C | N30: D
B31: 1 | C31: =D13 -> 0 | D31: =E13 -> 0 | F31: =C13 -> -1 | G31: =B31 -> 1 | H31: =E13 -> 0 | J31: =C13 -> -1 | K31: =D13 -> 0 | L31: =B31 -> 1 | N31: =C13 -> -1 | O31: =D13 -> 0 | P31: =E13 -> 0
B32: 1 | C32: =D14 -> 1 | D32: =E14 -> 0 | F32: =C14 -> 0 | G32: =B32 -> 1 | H32: =E14 -> 0 | J32: =C14 -> 0 | K32: =D14 -> 1 | L32: =B32 -> 1 | N32: =C14 -> 0 | O32: =D14 -> 1 | P32: =E14 -> 0
B33: 1 | C33: =D15 -> 0 | D33: =E15 -> 1 | F33: =C15 -> 0 | G33: =B33 -> 1 | H33: =E15 -> 1 | J33: =C15 -> 0 | K33: =D15 -> 0 | L33: =B33 -> 1 | N33: =C15 -> 0 | O33: =D15 -> 0 | P33: =E15 -> 1
B35: координаты вектора нормали совпадают с A,B,C, это у нас ось Z'
A37: A= | B37: =MDETERM(B31:D33) -> 1 | E37: B= | F37: =MDETERM(F31:H33) -> -1 | I37: C= | J37: =MDETERM(J31:L33) -> -1 | N37: =-MDETERM(N31:P33) -> 1
B47: а теперь найдем третий вектор (ось Y') с помощью векторного произведения (начинаем с вектора Z, чтобы был правосторонний базис)
C48: x | D48: y | E48: z | G48: длины векторов
A49: Z' | B49: 1 вектор (нам нужна правосторонняя тройка) | C49: =B37 -> 1 | D49: =F37 -> -1 | E49: =J37 -> -1 | G49: =(C49^2+D49^2+E49^2)^0.5 -> 1.7320508
A50: X' | B50: 2 вектор | C50: =C19 -> 1 | D50: =D19 -> 1 | E50: =E19 -> 0 | G50: =(C50^2+D50^2+E50^2)^0.5 -> 1.4142136
A51: Y' | B51: 3 вектор | C51: =D49*E50-E49*D50 -> 1 | D51: =E49*C50-C49*E50 -> -1 | E51: =C49*D50-D49*C50 -> 2 | G51: =(C51^2+D51^2+E51^2)^0.5 -> 2.4494897 | I51: не надо!!! если мы поменяли направление у вектора Z, то мы должны поменять направление и у вектора Y
B53: А теперь ищем Cos между осями, чтобы заполнить таблицу косинусов
B54: искать будем через скалярное произведение векторов
B55: у нас наш абсолютный базис с координатами векторов
C57: x | D57: y | E57: z
A58: X | B58: 1 | C58: 1 | D58: 0 | E58: 0 | G58: =(C58^2+D58^2+E58^2)^0.5 -> 1
A59: Y | B59: 2 | C59: 0 | D59: 1 | E59: 0 | G59: =(C59^2+D59^2+E59^2)^0.5 -> 1
A60: Z | B60: 3 | C60: 0 | D60: 0 | E60: 1 | G60: =(C60^2+D60^2+E60^2)^0.5 -> 1
B70: таблица косинусов
C71: x | D71: y | E71: z
B72: x' | C72: =SUMPRODUCT(C50:E50,C58:E58)/(G50*G58) -> 0.70710678 | D72: =SUMPRODUCT(C50:E50,C59:E59)/(G50*G59) -> 0.70710678 | E72: =SUMPRODUCT(C60:E60,C50:E50)/(G60*G50) -> 0
B73: y' | C73: =SUMPRODUCT(C58:E58,C51:E51)/(G58*G51) -> 0.40824829 | D73: =SUMPRODUCT(C51:E51,C59:E59)/(G59*G51) -> -0.40824829 | E73: =SUMPRODUCT(C60:E60,C51:E51)/(G60*G51) -> 0.81649658
B74: z' | C74: =SUMPRODUCT(C49:E49,C58:E58)/(G58*G49) -> 0.57735027 | D74: =SUMPRODUCT(C49:E49,C59:E59)/(G49*G59) -> -0.57735027 | E74: =SUMPRODUCT(C60:E60,C49:E49)/(G60*G49) -> -0.57735027
